station,date,market_type,settlement_epoch,timestamp_iso,timezone
KATL,2026-07-20,HIGH,1784548800,2026-07-20T12:00:00+00:00,America/New_York
KATL,2026-07-20,LOW,1784548800,2026-07-20T12:00:00+00:00,America/New_York
KBOS,2026-07-20,HIGH,1784548800,2026-07-20T12:00:00+00:00,America/New_York
KBOS,2026-07-20,LOW,1784548800,2026-07-20T12:00:00+00:00,America/New_York
KBWI,2026-07-20,HIGH,1784548800,2026-07-20T12:00:00+00:00,America/New_York
KBWI,2026-07-20,LOW,1784548800,2026-07-20T12:00:00+00:00,America/New_York
KDCA,2026-07-20,HIGH,1784548800,2026-07-20T12:00:00+00:00,America/New_York
KDCA,2026-07-20,LOW,1784548800,2026-07-20T12:00:00+00:00,America/New_York
KDEN,2026-07-20,HIGH,1784548800,2026-07-20T12:00:00+00:00,America/Denver
KDEN,2026-07-20,LOW,1784548800,2026-07-20T12:00:00+00:00,America/Denver
KDFW,2026-07-20,HIGH,1784548800,2026-07-20T12:00:00+00:00,America/Chicago
KDFW,2026-07-20,LOW,1784548800,2026-07-20T12:00:00+00:00,America/Chicago
KEWR,2026-07-20,HIGH,1784548800,2026-07-20T12:00:00+00:00,America/New_York
KEWR,2026-07-20,LOW,1784548800,2026-07-20T12:00:00+00:00,America/New_York
KIAD,2026-07-20,HIGH,1784548800,2026-07-20T12:00:00+00:00,America/New_York
KIAD,2026-07-20,LOW,1784548800,2026-07-20T12:00:00+00:00,America/New_York
KJFK,2026-07-20,HIGH,1784548800,2026-07-20T12:00:00+00:00,America/New_York
KJFK,2026-07-20,LOW,1784548800,2026-07-20T12:00:00+00:00,America/New_York
KLAX,2026-07-20,HIGH,1784548800,2026-07-20T12:00:00+00:00,America/Los_Angeles
KLAX,2026-07-20,LOW,1784548800,2026-07-20T12:00:00+00:00,America/Los_Angeles
KLGA,2026-07-20,HIGH,1784548800,2026-07-20T12:00:00+00:00,America/New_York
KLGA,2026-07-20,LOW,1784548800,2026-07-20T12:00:00+00:00,America/New_York
KMIA,2026-07-20,HIGH,1784548800,2026-07-20T12:00:00+00:00,America/New_York
KMIA,2026-07-20,LOW,1784548800,2026-07-20T12:00:00+00:00,America/New_York
KMSP,2026-07-20,HIGH,1784548800,2026-07-20T12:00:00+00:00,America/Chicago
KMSP,2026-07-20,LOW,1784548800,2026-07-20T12:00:00+00:00,America/Chicago
KORD,2026-07-20,HIGH,1784548800,2026-07-20T12:00:00+00:00,America/Chicago
KORD,2026-07-20,LOW,1784548800,2026-07-20T12:00:00+00:00,America/Chicago
KPHX,2026-07-20,HIGH,1784548800,2026-07-20T12:00:00+00:00,America/Phoenix
KPHX,2026-07-20,LOW,1784548800,2026-07-20T12:00:00+00:00,America/Phoenix
KPWM,2026-07-20,HIGH,1784548800,2026-07-20T12:00:00+00:00,America/New_York
KPWM,2026-07-20,LOW,1784548800,2026-07-20T12:00:00+00:00,America/New_York
KSEA,2026-07-20,HIGH,1784548800,2026-07-20T12:00:00+00:00,America/Los_Angeles
KSEA,2026-07-20,LOW,1784548800,2026-07-20T12:00:00+00:00,America/Los_Angeles
KSFO,2026-07-20,HIGH,1784548800,2026-07-20T12:00:00+00:00,America/Los_Angeles
KSFO,2026-07-20,LOW,1784548800,2026-07-20T12:00:00+00:00,America/Los_Angeles
KSLC,2026-07-20,HIGH,1784548800,2026-07-20T12:00:00+00:00,America/Denver
KSLC,2026-07-20,LOW,1784548800,2026-07-20T12:00:00+00:00,America/Denver
KTPA,2026-07-20,HIGH,1784548800,2026-07-20T12:00:00+00:00,America/New_York
KTPA,2026-07-20,LOW,1784548800,2026-07-20T12:00:00+00:00,America/New_York
KATL,2026-07-21,HIGH,1784635200,2026-07-21T12:00:00+00:00,America/New_York
KATL,2026-07-21,LOW,1784635200,2026-07-21T12:00:00+00:00,America/New_York
KBOS,2026-07-21,HIGH,1784635200,2026-07-21T12:00:00+00:00,America/New_York
KBOS,2026-07-21,LOW,1784635200,2026-07-21T12:00:00+00:00,America/New_York
KBWI,2026-07-21,HIGH,1784635200,2026-07-21T12:00:00+00:00,America/New_York
KBWI,2026-07-21,LOW,1784635200,2026-07-21T12:00:00+00:00,America/New_York
KDCA,2026-07-21,HIGH,1784635200,2026-07-21T12:00:00+00:00,America/New_York
KDCA,2026-07-21,LOW,1784635200,2026-07-21T12:00:00+00:00,America/New_York
KDEN,2026-07-21,HIGH,1784635200,2026-07-21T12:00:00+00:00,America/Denver
KDEN,2026-07-21,LOW,1784635200,2026-07-21T12:00:00+00:00,America/Denver
KDFW,2026-07-21,HIGH,1784635200,2026-07-21T12:00:00+00:00,America/Chicago
KDFW,2026-07-21,LOW,1784635200,2026-07-21T12:00:00+00:00,America/Chicago
KEWR,2026-07-21,HIGH,1784635200,2026-07-21T12:00:00+00:00,America/New_York
KEWR,2026-07-21,LOW,1784635200,2026-07-21T12:00:00+00:00,America/New_York
KIAD,2026-07-21,HIGH,1784635200,2026-07-21T12:00:00+00:00,America/New_York
KIAD,2026-07-21,LOW,1784635200,2026-07-21T12:00:00+00:00,America/New_York
KJFK,2026-07-21,HIGH,1784635200,2026-07-21T12:00:00+00:00,America/New_York
KJFK,2026-07-21,LOW,1784635200,2026-07-21T12:00:00+00:00,America/New_York
KLAX,2026-07-21,HIGH,1784635200,2026-07-21T12:00:00+00:00,America/Los_Angeles
KLAX,2026-07-21,LOW,1784635200,2026-07-21T12:00:00+00:00,America/Los_Angeles
KLGA,2026-07-21,HIGH,1784635200,2026-07-21T12:00:00+00:00,America/New_York
KLGA,2026-07-21,LOW,1784635200,2026-07-21T12:00:00+00:00,America/New_York
KMIA,2026-07-21,HIGH,1784635200,2026-07-21T12:00:00+00:00,America/New_York
KMIA,2026-07-21,LOW,1784635200,2026-07-21T12:00:00+00:00,America/New_York
KMSP,2026-07-21,HIGH,1784635200,2026-07-21T12:00:00+00:00,America/Chicago
KMSP,2026-07-21,LOW,1784635200,2026-07-21T12:00:00+00:00,America/Chicago
KORD,2026-07-21,HIGH,1784635200,2026-07-21T12:00:00+00:00,America/Chicago
KORD,2026-07-21,LOW,1784635200,2026-07-21T12:00:00+00:00,America/Chicago
KPHX,2026-07-21,HIGH,1784635200,2026-07-21T12:00:00+00:00,America/Phoenix
KPHX,2026-07-21,LOW,1784635200,2026-07-21T12:00:00+00:00,America/Phoenix
KPWM,2026-07-21,HIGH,1784635200,2026-07-21T12:00:00+00:00,America/New_York
KPWM,2026-07-21,LOW,1784635200,2026-07-21T12:00:00+00:00,America/New_York
KSEA,2026-07-21,HIGH,1784635200,2026-07-21T12:00:00+00:00,America/Los_Angeles
KSEA,2026-07-21,LOW,1784635200,2026-07-21T12:00:00+00:00,America/Los_Angeles
KSFO,2026-07-21,HIGH,1784635200,2026-07-21T12:00:00+00:00,America/Los_Angeles
KSFO,2026-07-21,LOW,1784635200,2026-07-21T12:00:00+00:00,America/Los_Angeles
KSLC,2026-07-21,HIGH,1784635200,2026-07-21T12:00:00+00:00,America/Denver
KSLC,2026-07-21,LOW,1784635200,2026-07-21T12:00:00+00:00,America/Denver
KTPA,2026-07-21,HIGH,1784635200,2026-07-21T12:00:00+00:00,America/New_York
KTPA,2026-07-21,LOW,1784635200,2026-07-21T12:00:00+00:00,America/New_York
KATL,2026-07-22,HIGH,1784721600,2026-07-22T12:00:00+00:00,America/New_York
KATL,2026-07-22,LOW,1784721600,2026-07-22T12:00:00+00:00,America/New_York
KBOS,2026-07-22,HIGH,1784721600,2026-07-22T12:00:00+00:00,America/New_York
KBOS,2026-07-22,LOW,1784721600,2026-07-22T12:00:00+00:00,America/New_York
KBWI,2026-07-22,HIGH,1784721600,2026-07-22T12:00:00+00:00,America/New_York
KBWI,2026-07-22,LOW,1784721600,2026-07-22T12:00:00+00:00,America/New_York
KDCA,2026-07-22,HIGH,1784721600,2026-07-22T12:00:00+00:00,America/New_York
KDCA,2026-07-22,LOW,1784721600,2026-07-22T12:00:00+00:00,America/New_York
KDEN,2026-07-22,HIGH,1784721600,2026-07-22T12:00:00+00:00,America/Denver
KDEN,2026-07-22,LOW,1784721600,2026-07-22T12:00:00+00:00,America/Denver
KDFW,2026-07-22,HIGH,1784721600,2026-07-22T12:00:00+00:00,America/Chicago
KDFW,2026-07-22,LOW,1784721600,2026-07-22T12:00:00+00:00,America/Chicago
KEWR,2026-07-22,HIGH,1784721600,2026-07-22T12:00:00+00:00,America/New_York
KEWR,2026-07-22,LOW,1784721600,2026-07-22T12:00:00+00:00,America/New_York
KIAD,2026-07-22,HIGH,1784721600,2026-07-22T12:00:00+00:00,America/New_York
KIAD,2026-07-22,LOW,1784721600,2026-07-22T12:00:00+00:00,America/New_York
KJFK,2026-07-22,HIGH,1784721600,2026-07-22T12:00:00+00:00,America/New_York
KJFK,2026-07-22,LOW,1784721600,2026-07-22T12:00:00+00:00,America/New_York
KLAX,2026-07-22,HIGH,1784721600,2026-07-22T12:00:00+00:00,America/Los_Angeles
KLAX,2026-07-22,LOW,1784721600,2026-07-22T12:00:00+00:00,America/Los_Angeles
KLGA,2026-07-22,HIGH,1784721600,2026-07-22T12:00:00+00:00,America/New_York
KLGA,2026-07-22,LOW,1784721600,2026-07-22T12:00:00+00:00,America/New_York
KMIA,2026-07-22,HIGH,1784721600,2026-07-22T12:00:00+00:00,America/New_York
KMIA,2026-07-22,LOW,1784721600,2026-07-22T12:00:00+00:00,America/New_York
KMSP,2026-07-22,HIGH,1784721600,2026-07-22T12:00:00+00:00,America/Chicago
KMSP,2026-07-22,LOW,1784721600,2026-07-22T12:00:00+00:00,America/Chicago
KORD,2026-07-22,HIGH,1784721600,2026-07-22T12:00:00+00:00,America/Chicago
KORD,2026-07-22,LOW,1784721600,2026-07-22T12:00:00+00:00,America/Chicago
KPHX,2026-07-22,HIGH,1784721600,2026-07-22T12:00:00+00:00,America/Phoenix
KPHX,2026-07-22,LOW,1784721600,2026-07-22T12:00:00+00:00,America/Phoenix
KPWM,2026-07-22,HIGH,1784721600,2026-07-22T12:00:00+00:00,America/New_York
KPWM,2026-07-22,LOW,1784721600,2026-07-22T12:00:00+00:00,America/New_York
KSEA,2026-07-22,HIGH,1784721600,2026-07-22T12:00:00+00:00,America/Los_Angeles
KSEA,2026-07-22,LOW,1784721600,2026-07-22T12:00:00+00:00,America/Los_Angeles
KSFO,2026-07-22,HIGH,1784721600,2026-07-22T12:00:00+00:00,America/Los_Angeles
KSFO,2026-07-22,LOW,1784721600,2026-07-22T12:00:00+00:00,America/Los_Angeles
KSLC,2026-07-22,HIGH,1784721600,2026-07-22T12:00:00+00:00,America/Denver
KSLC,2026-07-22,LOW,1784721600,2026-07-22T12:00:00+00:00,America/Denver
KTPA,2026-07-22,HIGH,1784721600,2026-07-22T12:00:00+00:00,America/New_York
KTPA,2026-07-22,LOW,1784721600,2026-07-22T12:00:00+00:00,America/New_York
KATL,2026-07-23,HIGH,1784808000,2026-07-23T12:00:00+00:00,America/New_York
KATL,2026-07-23,LOW,1784808000,2026-07-23T12:00:00+00:00,America/New_York
KBOS,2026-07-23,HIGH,1784808000,2026-07-23T12:00:00+00:00,America/New_York
KBOS,2026-07-23,LOW,1784808000,2026-07-23T12:00:00+00:00,America/New_York
KBWI,2026-07-23,HIGH,1784808000,2026-07-23T12:00:00+00:00,America/New_York
KBWI,2026-07-23,LOW,1784808000,2026-07-23T12:00:00+00:00,America/New_York
KDCA,2026-07-23,HIGH,1784808000,2026-07-23T12:00:00+00:00,America/New_York
KDCA,2026-07-23,LOW,1784808000,2026-07-23T12:00:00+00:00,America/New_York
KDEN,2026-07-23,HIGH,1784808000,2026-07-23T12:00:00+00:00,America/Denver
KDEN,2026-07-23,LOW,1784808000,2026-07-23T12:00:00+00:00,America/Denver
KDFW,2026-07-23,HIGH,1784808000,2026-07-23T12:00:00+00:00,America/Chicago
KDFW,2026-07-23,LOW,1784808000,2026-07-23T12:00:00+00:00,America/Chicago
KEWR,2026-07-23,HIGH,1784808000,2026-07-23T12:00:00+00:00,America/New_York
KEWR,2026-07-23,LOW,1784808000,2026-07-23T12:00:00+00:00,America/New_York
KIAD,2026-07-23,HIGH,1784808000,2026-07-23T12:00:00+00:00,America/New_York
KIAD,2026-07-23,LOW,1784808000,2026-07-23T12:00:00+00:00,America/New_York
KJFK,2026-07-23,HIGH,1784808000,2026-07-23T12:00:00+00:00,America/New_York
KJFK,2026-07-23,LOW,1784808000,2026-07-23T12:00:00+00:00,America/New_York
KLAX,2026-07-23,HIGH,1784808000,2026-07-23T12:00:00+00:00,America/Los_Angeles
KLAX,2026-07-23,LOW,1784808000,2026-07-23T12:00:00+00:00,America/Los_Angeles
KLGA,2026-07-23,HIGH,1784808000,2026-07-23T12:00:00+00:00,America/New_York
KLGA,2026-07-23,LOW,1784808000,2026-07-23T12:00:00+00:00,America/New_York
KMIA,2026-07-23,HIGH,1784808000,2026-07-23T12:00:00+00:00,America/New_York
KMIA,2026-07-23,LOW,1784808000,2026-07-23T12:00:00+00:00,America/New_York
KMSP,2026-07-23,HIGH,1784808000,2026-07-23T12:00:00+00:00,America/Chicago
KMSP,2026-07-23,LOW,1784808000,2026-07-23T12:00:00+00:00,America/Chicago
KORD,2026-07-23,HIGH,1784808000,2026-07-23T12:00:00+00:00,America/Chicago
KORD,2026-07-23,LOW,1784808000,2026-07-23T12:00:00+00:00,America/Chicago
KPHX,2026-07-23,HIGH,1784808000,2026-07-23T12:00:00+00:00,America/Phoenix
KPHX,2026-07-23,LOW,1784808000,2026-07-23T12:00:00+00:00,America/Phoenix
KPWM,2026-07-23,HIGH,1784808000,2026-07-23T12:00:00+00:00,America/New_York
KPWM,2026-07-23,LOW,1784808000,2026-07-23T12:00:00+00:00,America/New_York
KSEA,2026-07-23,HIGH,1784808000,2026-07-23T12:00:00+00:00,America/Los_Angeles
KSEA,2026-07-23,LOW,1784808000,2026-07-23T12:00:00+00:00,America/Los_Angeles
KSFO,2026-07-23,HIGH,1784808000,2026-07-23T12:00:00+00:00,America/Los_Angeles
KSFO,2026-07-23,LOW,1784808000,2026-07-23T12:00:00+00:00,America/Los_Angeles
KSLC,2026-07-23,HIGH,1784808000,2026-07-23T12:00:00+00:00,America/Denver
KSLC,2026-07-23,LOW,1784808000,2026-07-23T12:00:00+00:00,America/Denver
KTPA,2026-07-23,HIGH,1784808000,2026-07-23T12:00:00+00:00,America/New_York
KTPA,2026-07-23,LOW,1784808000,2026-07-23T12:00:00+00:00,America/New_York
KATL,2026-07-24,HIGH,1784894400,2026-07-24T12:00:00+00:00,America/New_York
KATL,2026-07-24,LOW,1784894400,2026-07-24T12:00:00+00:00,America/New_York
KBOS,2026-07-24,HIGH,1784894400,2026-07-24T12:00:00+00:00,America/New_York
KBOS,2026-07-24,LOW,1784894400,2026-07-24T12:00:00+00:00,America/New_York
KBWI,2026-07-24,HIGH,1784894400,2026-07-24T12:00:00+00:00,America/New_York
KBWI,2026-07-24,LOW,1784894400,2026-07-24T12:00:00+00:00,America/New_York
KDCA,2026-07-24,HIGH,1784894400,2026-07-24T12:00:00+00:00,America/New_York
KDCA,2026-07-24,LOW,1784894400,2026-07-24T12:00:00+00:00,America/New_York
KDEN,2026-07-24,HIGH,1784894400,2026-07-24T12:00:00+00:00,America/Denver
KDEN,2026-07-24,LOW,1784894400,2026-07-24T12:00:00+00:00,America/Denver
KDFW,2026-07-24,HIGH,1784894400,2026-07-24T12:00:00+00:00,America/Chicago
KDFW,2026-07-24,LOW,1784894400,2026-07-24T12:00:00+00:00,America/Chicago
KEWR,2026-07-24,HIGH,1784894400,2026-07-24T12:00:00+00:00,America/New_York
KEWR,2026-07-24,LOW,1784894400,2026-07-24T12:00:00+00:00,America/New_York
KIAD,2026-07-24,HIGH,1784894400,2026-07-24T12:00:00+00:00,America/New_York
KIAD,2026-07-24,LOW,1784894400,2026-07-24T12:00:00+00:00,America/New_York
KJFK,2026-07-24,HIGH,1784894400,2026-07-24T12:00:00+00:00,America/New_York
KJFK,2026-07-24,LOW,1784894400,2026-07-24T12:00:00+00:00,America/New_York
KLAX,2026-07-24,HIGH,1784894400,2026-07-24T12:00:00+00:00,America/Los_Angeles
KLAX,2026-07-24,LOW,1784894400,2026-07-24T12:00:00+00:00,America/Los_Angeles
KLGA,2026-07-24,HIGH,1784894400,2026-07-24T12:00:00+00:00,America/New_York
KLGA,2026-07-24,LOW,1784894400,2026-07-24T12:00:00+00:00,America/New_York
KMIA,2026-07-24,HIGH,1784894400,2026-07-24T12:00:00+00:00,America/New_York
KMIA,2026-07-24,LOW,1784894400,2026-07-24T12:00:00+00:00,America/New_York
KMSP,2026-07-24,HIGH,1784894400,2026-07-24T12:00:00+00:00,America/Chicago
KMSP,2026-07-24,LOW,1784894400,2026-07-24T12:00:00+00:00,America/Chicago
KORD,2026-07-24,HIGH,1784894400,2026-07-24T12:00:00+00:00,America/Chicago
KORD,2026-07-24,LOW,1784894400,2026-07-24T12:00:00+00:00,America/Chicago
KPHX,2026-07-24,HIGH,1784894400,2026-07-24T12:00:00+00:00,America/Phoenix
KPHX,2026-07-24,LOW,1784894400,2026-07-24T12:00:00+00:00,America/Phoenix
KPWM,2026-07-24,HIGH,1784894400,2026-07-24T12:00:00+00:00,America/New_York
KPWM,2026-07-24,LOW,1784894400,2026-07-24T12:00:00+00:00,America/New_York
KSEA,2026-07-24,HIGH,1784894400,2026-07-24T12:00:00+00:00,America/Los_Angeles
KSEA,2026-07-24,LOW,1784894400,2026-07-24T12:00:00+00:00,America/Los_Angeles
KSFO,2026-07-24,HIGH,1784894400,2026-07-24T12:00:00+00:00,America/Los_Angeles
KSFO,2026-07-24,LOW,1784894400,2026-07-24T12:00:00+00:00,America/Los_Angeles
KSLC,2026-07-24,HIGH,1784894400,2026-07-24T12:00:00+00:00,America/Denver
KSLC,2026-07-24,LOW,1784894400,2026-07-24T12:00:00+00:00,America/Denver
KTPA,2026-07-24,HIGH,1784894400,2026-07-24T12:00:00+00:00,America/New_York
KTPA,2026-07-24,LOW,1784894400,2026-07-24T12:00:00+00:00,America/New_York
KATL,2026-07-25,HIGH,1784980800,2026-07-25T12:00:00+00:00,America/New_York
KATL,2026-07-25,LOW,1784980800,2026-07-25T12:00:00+00:00,America/New_York
KBOS,2026-07-25,HIGH,1784980800,2026-07-25T12:00:00+00:00,America/New_York
KBOS,2026-07-25,LOW,1784980800,2026-07-25T12:00:00+00:00,America/New_York
KBWI,2026-07-25,HIGH,1784980800,2026-07-25T12:00:00+00:00,America/New_York
KBWI,2026-07-25,LOW,1784980800,2026-07-25T12:00:00+00:00,America/New_York
KDCA,2026-07-25,HIGH,1784980800,2026-07-25T12:00:00+00:00,America/New_York
KDCA,2026-07-25,LOW,1784980800,2026-07-25T12:00:00+00:00,America/New_York
KDEN,2026-07-25,HIGH,1784980800,2026-07-25T12:00:00+00:00,America/Denver
KDEN,2026-07-25,LOW,1784980800,2026-07-25T12:00:00+00:00,America/Denver
KDFW,2026-07-25,HIGH,1784980800,2026-07-25T12:00:00+00:00,America/Chicago
KDFW,2026-07-25,LOW,1784980800,2026-07-25T12:00:00+00:00,America/Chicago
KEWR,2026-07-25,HIGH,1784980800,2026-07-25T12:00:00+00:00,America/New_York
KEWR,2026-07-25,LOW,1784980800,2026-07-25T12:00:00+00:00,America/New_York
KIAD,2026-07-25,HIGH,1784980800,2026-07-25T12:00:00+00:00,America/New_York
KIAD,2026-07-25,LOW,1784980800,2026-07-25T12:00:00+00:00,America/New_York
KJFK,2026-07-25,HIGH,1784980800,2026-07-25T12:00:00+00:00,America/New_York
KJFK,2026-07-25,LOW,1784980800,2026-07-25T12:00:00+00:00,America/New_York
KLAX,2026-07-25,HIGH,1784980800,2026-07-25T12:00:00+00:00,America/Los_Angeles
KLAX,2026-07-25,LOW,1784980800,2026-07-25T12:00:00+00:00,America/Los_Angeles
KLGA,2026-07-25,HIGH,1784980800,2026-07-25T12:00:00+00:00,America/New_York
KLGA,2026-07-25,LOW,1784980800,2026-07-25T12:00:00+00:00,America/New_York
KMIA,2026-07-25,HIGH,1784980800,2026-07-25T12:00:00+00:00,America/New_York
KMIA,2026-07-25,LOW,1784980800,2026-07-25T12:00:00+00:00,America/New_York
KMSP,2026-07-25,HIGH,1784980800,2026-07-25T12:00:00+00:00,America/Chicago
KMSP,2026-07-25,LOW,1784980800,2026-07-25T12:00:00+00:00,America/Chicago
KORD,2026-07-25,HIGH,1784980800,2026-07-25T12:00:00+00:00,America/Chicago
KORD,2026-07-25,LOW,1784980800,2026-07-25T12:00:00+00:00,America/Chicago
KPHX,2026-07-25,HIGH,1784980800,2026-07-25T12:00:00+00:00,America/Phoenix
KPHX,2026-07-25,LOW,1784980800,2026-07-25T12:00:00+00:00,America/Phoenix
KPWM,2026-07-25,HIGH,1784980800,2026-07-25T12:00:00+00:00,America/New_York
KPWM,2026-07-25,LOW,1784980800,2026-07-25T12:00:00+00:00,America/New_York
KSEA,2026-07-25,HIGH,1784980800,2026-07-25T12:00:00+00:00,America/Los_Angeles
KSEA,2026-07-25,LOW,1784980800,2026-07-25T12:00:00+00:00,America/Los_Angeles
KSFO,2026-07-25,HIGH,1784980800,2026-07-25T12:00:00+00:00,America/Los_Angeles
KSFO,2026-07-25,LOW,1784980800,2026-07-25T12:00:00+00:00,America/Los_Angeles
KSLC,2026-07-25,HIGH,1784980800,2026-07-25T12:00:00+00:00,America/Denver
KSLC,2026-07-25,LOW,1784980800,2026-07-25T12:00:00+00:00,America/Denver
KTPA,2026-07-25,HIGH,1784980800,2026-07-25T12:00:00+00:00,America/New_York
KTPA,2026-07-25,LOW,1784980800,2026-07-25T12:00:00+00:00,America/New_York
KATL,2026-07-26,HIGH,1785067200,2026-07-26T12:00:00+00:00,America/New_York
KATL,2026-07-26,LOW,1785067200,2026-07-26T12:00:00+00:00,America/New_York
KBOS,2026-07-26,HIGH,1785067200,2026-07-26T12:00:00+00:00,America/New_York
KBOS,2026-07-26,LOW,1785067200,2026-07-26T12:00:00+00:00,America/New_York
KBWI,2026-07-26,HIGH,1785067200,2026-07-26T12:00:00+00:00,America/New_York
KBWI,2026-07-26,LOW,1785067200,2026-07-26T12:00:00+00:00,America/New_York
KDCA,2026-07-26,HIGH,1785067200,2026-07-26T12:00:00+00:00,America/New_York
KDCA,2026-07-26,LOW,1785067200,2026-07-26T12:00:00+00:00,America/New_York
KDEN,2026-07-26,HIGH,1785067200,2026-07-26T12:00:00+00:00,America/Denver
KDEN,2026-07-26,LOW,1785067200,2026-07-26T12:00:00+00:00,America/Denver
KDFW,2026-07-26,HIGH,1785067200,2026-07-26T12:00:00+00:00,America/Chicago
KDFW,2026-07-26,LOW,1785067200,2026-07-26T12:00:00+00:00,America/Chicago
KEWR,2026-07-26,HIGH,1785067200,2026-07-26T12:00:00+00:00,America/New_York
KEWR,2026-07-26,LOW,1785067200,2026-07-26T12:00:00+00:00,America/New_York
KIAD,2026-07-26,HIGH,1785067200,2026-07-26T12:00:00+00:00,America/New_York
KIAD,2026-07-26,LOW,1785067200,2026-07-26T12:00:00+00:00,America/New_York
KJFK,2026-07-26,HIGH,1785067200,2026-07-26T12:00:00+00:00,America/New_York
KJFK,2026-07-26,LOW,1785067200,2026-07-26T12:00:00+00:00,America/New_York
KLAX,2026-07-26,HIGH,1785067200,2026-07-26T12:00:00+00:00,America/Los_Angeles
KLAX,2026-07-26,LOW,1785067200,2026-07-26T12:00:00+00:00,America/Los_Angeles
KLGA,2026-07-26,HIGH,1785067200,2026-07-26T12:00:00+00:00,America/New_York
KLGA,2026-07-26,LOW,1785067200,2026-07-26T12:00:00+00:00,America/New_York
KMIA,2026-07-26,HIGH,1785067200,2026-07-26T12:00:00+00:00,America/New_York
KMIA,2026-07-26,LOW,1785067200,2026-07-26T12:00:00+00:00,America/New_York
KMSP,2026-07-26,HIGH,1785067200,2026-07-26T12:00:00+00:00,America/Chicago
KMSP,2026-07-26,LOW,1785067200,2026-07-26T12:00:00+00:00,America/Chicago
KORD,2026-07-26,HIGH,1785067200,2026-07-26T12:00:00+00:00,America/Chicago
KORD,2026-07-26,LOW,1785067200,2026-07-26T12:00:00+00:00,America/Chicago
KPHX,2026-07-26,HIGH,1785067200,2026-07-26T12:00:00+00:00,America/Phoenix
KPHX,2026-07-26,LOW,1785067200,2026-07-26T12:00:00+00:00,America/Phoenix
KPWM,2026-07-26,HIGH,1785067200,2026-07-26T12:00:00+00:00,America/New_York
KPWM,2026-07-26,LOW,1785067200,2026-07-26T12:00:00+00:00,America/New_York
KSEA,2026-07-26,HIGH,1785067200,2026-07-26T12:00:00+00:00,America/Los_Angeles
KSEA,2026-07-26,LOW,1785067200,2026-07-26T12:00:00+00:00,America/Los_Angeles
KSFO,2026-07-26,HIGH,1785067200,2026-07-26T12:00:00+00:00,America/Los_Angeles
KSFO,2026-07-26,LOW,1785067200,2026-07-26T12:00:00+00:00,America/Los_Angeles
KSLC,2026-07-26,HIGH,1785067200,2026-07-26T12:00:00+00:00,America/Denver
KSLC,2026-07-26,LOW,1785067200,2026-07-26T12:00:00+00:00,America/Denver
KTPA,2026-07-26,HIGH,1785067200,2026-07-26T12:00:00+00:00,America/New_York
KTPA,2026-07-26,LOW,1785067200,2026-07-26T12:00:00+00:00,America/New_York
KATL,2026-07-27,HIGH,1785153600,2026-07-27T12:00:00+00:00,America/New_York
KATL,2026-07-27,LOW,1785153600,2026-07-27T12:00:00+00:00,America/New_York
KBOS,2026-07-27,HIGH,1785153600,2026-07-27T12:00:00+00:00,America/New_York
KBOS,2026-07-27,LOW,1785153600,2026-07-27T12:00:00+00:00,America/New_York
KBWI,2026-07-27,HIGH,1785153600,2026-07-27T12:00:00+00:00,America/New_York
KBWI,2026-07-27,LOW,1785153600,2026-07-27T12:00:00+00:00,America/New_York
KDCA,2026-07-27,HIGH,1785153600,2026-07-27T12:00:00+00:00,America/New_York
KDCA,2026-07-27,LOW,1785153600,2026-07-27T12:00:00+00:00,America/New_York
KDEN,2026-07-27,HIGH,1785153600,2026-07-27T12:00:00+00:00,America/Denver
KDEN,2026-07-27,LOW,1785153600,2026-07-27T12:00:00+00:00,America/Denver
KDFW,2026-07-27,HIGH,1785153600,2026-07-27T12:00:00+00:00,America/Chicago
KDFW,2026-07-27,LOW,1785153600,2026-07-27T12:00:00+00:00,America/Chicago
KEWR,2026-07-27,HIGH,1785153600,2026-07-27T12:00:00+00:00,America/New_York
KEWR,2026-07-27,LOW,1785153600,2026-07-27T12:00:00+00:00,America/New_York
KIAD,2026-07-27,HIGH,1785153600,2026-07-27T12:00:00+00:00,America/New_York
KIAD,2026-07-27,LOW,1785153600,2026-07-27T12:00:00+00:00,America/New_York
KJFK,2026-07-27,HIGH,1785153600,2026-07-27T12:00:00+00:00,America/New_York
KJFK,2026-07-27,LOW,1785153600,2026-07-27T12:00:00+00:00,America/New_York
KLAX,2026-07-27,HIGH,1785153600,2026-07-27T12:00:00+00:00,America/Los_Angeles
KLAX,2026-07-27,LOW,1785153600,2026-07-27T12:00:00+00:00,America/Los_Angeles
KLGA,2026-07-27,HIGH,1785153600,2026-07-27T12:00:00+00:00,America/New_York
KLGA,2026-07-27,LOW,1785153600,2026-07-27T12:00:00+00:00,America/New_York
KMIA,2026-07-27,HIGH,1785153600,2026-07-27T12:00:00+00:00,America/New_York
KMIA,2026-07-27,LOW,1785153600,2026-07-27T12:00:00+00:00,America/New_York
KMSP,2026-07-27,HIGH,1785153600,2026-07-27T12:00:00+00:00,America/Chicago
KMSP,2026-07-27,LOW,1785153600,2026-07-27T12:00:00+00:00,America/Chicago
KORD,2026-07-27,HIGH,1785153600,2026-07-27T12:00:00+00:00,America/Chicago
KORD,2026-07-27,LOW,1785153600,2026-07-27T12:00:00+00:00,America/Chicago
KPHX,2026-07-27,HIGH,1785153600,2026-07-27T12:00:00+00:00,America/Phoenix
KPHX,2026-07-27,LOW,1785153600,2026-07-27T12:00:00+00:00,America/Phoenix
KPWM,2026-07-27,HIGH,1785153600,2026-07-27T12:00:00+00:00,America/New_York
KPWM,2026-07-27,LOW,1785153600,2026-07-27T12:00:00+00:00,America/New_York
KSEA,2026-07-27,HIGH,1785153600,2026-07-27T12:00:00+00:00,America/Los_Angeles
KSEA,2026-07-27,LOW,1785153600,2026-07-27T12:00:00+00:00,America/Los_Angeles
KSFO,2026-07-27,HIGH,1785153600,2026-07-27T12:00:00+00:00,America/Los_Angeles
KSFO,2026-07-27,LOW,1785153600,2026-07-27T12:00:00+00:00,America/Los_Angeles
KSLC,2026-07-27,HIGH,1785153600,2026-07-27T12:00:00+00:00,America/Denver
KSLC,2026-07-27,LOW,1785153600,2026-07-27T12:00:00+00:00,America/Denver
KTPA,2026-07-27,HIGH,1785153600,2026-07-27T12:00:00+00:00,America/New_York
KTPA,2026-07-27,LOW,1785153600,2026-07-27T12:00:00+00:00,America/New_York
KATL,2026-07-28,HIGH,1785240000,2026-07-28T12:00:00+00:00,America/New_York
KATL,2026-07-28,LOW,1785240000,2026-07-28T12:00:00+00:00,America/New_York
KBOS,2026-07-28,HIGH,1785240000,2026-07-28T12:00:00+00:00,America/New_York
KBOS,2026-07-28,LOW,1785240000,2026-07-28T12:00:00+00:00,America/New_York
KBWI,2026-07-28,HIGH,1785240000,2026-07-28T12:00:00+00:00,America/New_York
KBWI,2026-07-28,LOW,1785240000,2026-07-28T12:00:00+00:00,America/New_York
KDCA,2026-07-28,HIGH,1785240000,2026-07-28T12:00:00+00:00,America/New_York
KDCA,2026-07-28,LOW,1785240000,2026-07-28T12:00:00+00:00,America/New_York
KDEN,2026-07-28,HIGH,1785240000,2026-07-28T12:00:00+00:00,America/Denver
KDEN,2026-07-28,LOW,1785240000,2026-07-28T12:00:00+00:00,America/Denver
KDFW,2026-07-28,HIGH,1785240000,2026-07-28T12:00:00+00:00,America/Chicago
KDFW,2026-07-28,LOW,1785240000,2026-07-28T12:00:00+00:00,America/Chicago
KEWR,2026-07-28,HIGH,1785240000,2026-07-28T12:00:00+00:00,America/New_York
KEWR,2026-07-28,LOW,1785240000,2026-07-28T12:00:00+00:00,America/New_York
KIAD,2026-07-28,HIGH,1785240000,2026-07-28T12:00:00+00:00,America/New_York
KIAD,2026-07-28,LOW,1785240000,2026-07-28T12:00:00+00:00,America/New_York
KJFK,2026-07-28,HIGH,1785240000,2026-07-28T12:00:00+00:00,America/New_York
KJFK,2026-07-28,LOW,1785240000,2026-07-28T12:00:00+00:00,America/New_York
KLAX,2026-07-28,HIGH,1785240000,2026-07-28T12:00:00+00:00,America/Los_Angeles
KLAX,2026-07-28,LOW,1785240000,2026-07-28T12:00:00+00:00,America/Los_Angeles
KLGA,2026-07-28,HIGH,1785240000,2026-07-28T12:00:00+00:00,America/New_York
KLGA,2026-07-28,LOW,1785240000,2026-07-28T12:00:00+00:00,America/New_York
KMIA,2026-07-28,HIGH,1785240000,2026-07-28T12:00:00+00:00,America/New_York
KMIA,2026-07-28,LOW,1785240000,2026-07-28T12:00:00+00:00,America/New_York
KMSP,2026-07-28,HIGH,1785240000,2026-07-28T12:00:00+00:00,America/Chicago
KMSP,2026-07-28,LOW,1785240000,2026-07-28T12:00:00+00:00,America/Chicago
KORD,2026-07-28,HIGH,1785240000,2026-07-28T12:00:00+00:00,America/Chicago
KORD,2026-07-28,LOW,1785240000,2026-07-28T12:00:00+00:00,America/Chicago
KPHX,2026-07-28,HIGH,1785240000,2026-07-28T12:00:00+00:00,America/Phoenix
KPHX,2026-07-28,LOW,1785240000,2026-07-28T12:00:00+00:00,America/Phoenix
KPWM,2026-07-28,HIGH,1785240000,2026-07-28T12:00:00+00:00,America/New_York
KPWM,2026-07-28,LOW,1785240000,2026-07-28T12:00:00+00:00,America/New_York
KSEA,2026-07-28,HIGH,1785240000,2026-07-28T12:00:00+00:00,America/Los_Angeles
KSEA,2026-07-28,LOW,1785240000,2026-07-28T12:00:00+00:00,America/Los_Angeles
KSFO,2026-07-28,HIGH,1785240000,2026-07-28T12:00:00+00:00,America/Los_Angeles
KSFO,2026-07-28,LOW,1785240000,2026-07-28T12:00:00+00:00,America/Los_Angeles
KSLC,2026-07-28,HIGH,1785240000,2026-07-28T12:00:00+00:00,America/Denver
KSLC,2026-07-28,LOW,1785240000,2026-07-28T12:00:00+00:00,America/Denver
KTPA,2026-07-28,HIGH,1785240000,2026-07-28T12:00:00+00:00,America/New_York
KTPA,2026-07-28,LOW,1785240000,2026-07-28T12:00:00+00:00,America/New_York
KATL,2026-07-29,HIGH,1785326400,2026-07-29T12:00:00+00:00,America/New_York
KATL,2026-07-29,LOW,1785326400,2026-07-29T12:00:00+00:00,America/New_York
KBOS,2026-07-29,HIGH,1785326400,2026-07-29T12:00:00+00:00,America/New_York
KBOS,2026-07-29,LOW,1785326400,2026-07-29T12:00:00+00:00,America/New_York
KBWI,2026-07-29,HIGH,1785326400,2026-07-29T12:00:00+00:00,America/New_York
KBWI,2026-07-29,LOW,1785326400,2026-07-29T12:00:00+00:00,America/New_York
KDCA,2026-07-29,HIGH,1785326400,2026-07-29T12:00:00+00:00,America/New_York
KDCA,2026-07-29,LOW,1785326400,2026-07-29T12:00:00+00:00,America/New_York
KDEN,2026-07-29,HIGH,1785326400,2026-07-29T12:00:00+00:00,America/Denver
KDEN,2026-07-29,LOW,1785326400,2026-07-29T12:00:00+00:00,America/Denver
KDFW,2026-07-29,HIGH,1785326400,2026-07-29T12:00:00+00:00,America/Chicago
KDFW,2026-07-29,LOW,1785326400,2026-07-29T12:00:00+00:00,America/Chicago
KEWR,2026-07-29,HIGH,1785326400,2026-07-29T12:00:00+00:00,America/New_York
KEWR,2026-07-29,LOW,1785326400,2026-07-29T12:00:00+00:00,America/New_York
KIAD,2026-07-29,HIGH,1785326400,2026-07-29T12:00:00+00:00,America/New_York
KIAD,2026-07-29,LOW,1785326400,2026-07-29T12:00:00+00:00,America/New_York
KJFK,2026-07-29,HIGH,1785326400,2026-07-29T12:00:00+00:00,America/New_York
KJFK,2026-07-29,LOW,1785326400,2026-07-29T12:00:00+00:00,America/New_York
KLAX,2026-07-29,HIGH,1785326400,2026-07-29T12:00:00+00:00,America/Los_Angeles
KLAX,2026-07-29,LOW,1785326400,2026-07-29T12:00:00+00:00,America/Los_Angeles
KLGA,2026-07-29,HIGH,1785326400,2026-07-29T12:00:00+00:00,America/New_York
KLGA,2026-07-29,LOW,1785326400,2026-07-29T12:00:00+00:00,America/New_York
KMIA,2026-07-29,HIGH,1785326400,2026-07-29T12:00:00+00:00,America/New_York
KMIA,2026-07-29,LOW,1785326400,2026-07-29T12:00:00+00:00,America/New_York
KMSP,2026-07-29,HIGH,1785326400,2026-07-29T12:00:00+00:00,America/Chicago
KMSP,2026-07-29,LOW,1785326400,2026-07-29T12:00:00+00:00,America/Chicago
KORD,2026-07-29,HIGH,1785326400,2026-07-29T12:00:00+00:00,America/Chicago
KORD,2026-07-29,LOW,1785326400,2026-07-29T12:00:00+00:00,America/Chicago
KPHX,2026-07-29,HIGH,1785326400,2026-07-29T12:00:00+00:00,America/Phoenix
KPHX,2026-07-29,LOW,1785326400,2026-07-29T12:00:00+00:00,America/Phoenix
KPWM,2026-07-29,HIGH,1785326400,2026-07-29T12:00:00+00:00,America/New_York
KPWM,2026-07-29,LOW,1785326400,2026-07-29T12:00:00+00:00,America/New_York
KSEA,2026-07-29,HIGH,1785326400,2026-07-29T12:00:00+00:00,America/Los_Angeles
KSEA,2026-07-29,LOW,1785326400,2026-07-29T12:00:00+00:00,America/Los_Angeles
KSFO,2026-07-29,HIGH,1785326400,2026-07-29T12:00:00+00:00,America/Los_Angeles
KSFO,2026-07-29,LOW,1785326400,2026-07-29T12:00:00+00:00,America/Los_Angeles
KSLC,2026-07-29,HIGH,1785326400,2026-07-29T12:00:00+00:00,America/Denver
KSLC,2026-07-29,LOW,1785326400,2026-07-29T12:00:00+00:00,America/Denver
KTPA,2026-07-29,HIGH,1785326400,2026-07-29T12:00:00+00:00,America/New_York
KTPA,2026-07-29,LOW,1785326400,2026-07-29T12:00:00+00:00,America/New_York
KATL,2026-07-30,HIGH,1785412800,2026-07-30T12:00:00+00:00,America/New_York
KATL,2026-07-30,LOW,1785412800,2026-07-30T12:00:00+00:00,America/New_York
KBOS,2026-07-30,HIGH,1785412800,2026-07-30T12:00:00+00:00,America/New_York
KBOS,2026-07-30,LOW,1785412800,2026-07-30T12:00:00+00:00,America/New_York
KBWI,2026-07-30,HIGH,1785412800,2026-07-30T12:00:00+00:00,America/New_York
KBWI,2026-07-30,LOW,1785412800,2026-07-30T12:00:00+00:00,America/New_York
KDCA,2026-07-30,HIGH,1785412800,2026-07-30T12:00:00+00:00,America/New_York
KDCA,2026-07-30,LOW,1785412800,2026-07-30T12:00:00+00:00,America/New_York
KDEN,2026-07-30,HIGH,1785412800,2026-07-30T12:00:00+00:00,America/Denver
KDEN,2026-07-30,LOW,1785412800,2026-07-30T12:00:00+00:00,America/Denver
KDFW,2026-07-30,HIGH,1785412800,2026-07-30T12:00:00+00:00,America/Chicago
KDFW,2026-07-30,LOW,1785412800,2026-07-30T12:00:00+00:00,America/Chicago
KEWR,2026-07-30,HIGH,1785412800,2026-07-30T12:00:00+00:00,America/New_York
KEWR,2026-07-30,LOW,1785412800,2026-07-30T12:00:00+00:00,America/New_York
KIAD,2026-07-30,HIGH,1785412800,2026-07-30T12:00:00+00:00,America/New_York
KIAD,2026-07-30,LOW,1785412800,2026-07-30T12:00:00+00:00,America/New_York
KJFK,2026-07-30,HIGH,1785412800,2026-07-30T12:00:00+00:00,America/New_York
KJFK,2026-07-30,LOW,1785412800,2026-07-30T12:00:00+00:00,America/New_York
KLAX,2026-07-30,HIGH,1785412800,2026-07-30T12:00:00+00:00,America/Los_Angeles
KLAX,2026-07-30,LOW,1785412800,2026-07-30T12:00:00+00:00,America/Los_Angeles
KLGA,2026-07-30,HIGH,1785412800,2026-07-30T12:00:00+00:00,America/New_York
KLGA,2026-07-30,LOW,1785412800,2026-07-30T12:00:00+00:00,America/New_York
KMIA,2026-07-30,HIGH,1785412800,2026-07-30T12:00:00+00:00,America/New_York
KMIA,2026-07-30,LOW,1785412800,2026-07-30T12:00:00+00:00,America/New_York
KMSP,2026-07-30,HIGH,1785412800,2026-07-30T12:00:00+00:00,America/Chicago
KMSP,2026-07-30,LOW,1785412800,2026-07-30T12:00:00+00:00,America/Chicago
KORD,2026-07-30,HIGH,1785412800,2026-07-30T12:00:00+00:00,America/Chicago
KORD,2026-07-30,LOW,1785412800,2026-07-30T12:00:00+00:00,America/Chicago
KPHX,2026-07-30,HIGH,1785412800,2026-07-30T12:00:00+00:00,America/Phoenix
KPHX,2026-07-30,LOW,1785412800,2026-07-30T12:00:00+00:00,America/Phoenix
KPWM,2026-07-30,HIGH,1785412800,2026-07-30T12:00:00+00:00,America/New_York
KPWM,2026-07-30,LOW,1785412800,2026-07-30T12:00:00+00:00,America/New_York
KSEA,2026-07-30,HIGH,1785412800,2026-07-30T12:00:00+00:00,America/Los_Angeles
KSEA,2026-07-30,LOW,1785412800,2026-07-30T12:00:00+00:00,America/Los_Angeles
KSFO,2026-07-30,HIGH,1785412800,2026-07-30T12:00:00+00:00,America/Los_Angeles
KSFO,2026-07-30,LOW,1785412800,2026-07-30T12:00:00+00:00,America/Los_Angeles
KSLC,2026-07-30,HIGH,1785412800,2026-07-30T12:00:00+00:00,America/Denver
KSLC,2026-07-30,LOW,1785412800,2026-07-30T12:00:00+00:00,America/Denver
KTPA,2026-07-30,HIGH,1785412800,2026-07-30T12:00:00+00:00,America/New_York
KTPA,2026-07-30,LOW,1785412800,2026-07-30T12:00:00+00:00,America/New_York
KATL,2026-07-31,HIGH,1785499200,2026-07-31T12:00:00+00:00,America/New_York
KATL,2026-07-31,LOW,1785499200,2026-07-31T12:00:00+00:00,America/New_York
KBOS,2026-07-31,HIGH,1785499200,2026-07-31T12:00:00+00:00,America/New_York
KBOS,2026-07-31,LOW,1785499200,2026-07-31T12:00:00+00:00,America/New_York
KBWI,2026-07-31,HIGH,1785499200,2026-07-31T12:00:00+00:00,America/New_York
KBWI,2026-07-31,LOW,1785499200,2026-07-31T12:00:00+00:00,America/New_York
KDCA,2026-07-31,HIGH,1785499200,2026-07-31T12:00:00+00:00,America/New_York
KDCA,2026-07-31,LOW,1785499200,2026-07-31T12:00:00+00:00,America/New_York
KDEN,2026-07-31,HIGH,1785499200,2026-07-31T12:00:00+00:00,America/Denver
KDEN,2026-07-31,LOW,1785499200,2026-07-31T12:00:00+00:00,America/Denver
KDFW,2026-07-31,HIGH,1785499200,2026-07-31T12:00:00+00:00,America/Chicago
KDFW,2026-07-31,LOW,1785499200,2026-07-31T12:00:00+00:00,America/Chicago
KEWR,2026-07-31,HIGH,1785499200,2026-07-31T12:00:00+00:00,America/New_York
KEWR,2026-07-31,LOW,1785499200,2026-07-31T12:00:00+00:00,America/New_York
KIAD,2026-07-31,HIGH,1785499200,2026-07-31T12:00:00+00:00,America/New_York
KIAD,2026-07-31,LOW,1785499200,2026-07-31T12:00:00+00:00,America/New_York
KJFK,2026-07-31,HIGH,1785499200,2026-07-31T12:00:00+00:00,America/New_York
KJFK,2026-07-31,LOW,1785499200,2026-07-31T12:00:00+00:00,America/New_York
KLAX,2026-07-31,HIGH,1785499200,2026-07-31T12:00:00+00:00,America/Los_Angeles
KLAX,2026-07-31,LOW,1785499200,2026-07-31T12:00:00+00:00,America/Los_Angeles
KLGA,2026-07-31,HIGH,1785499200,2026-07-31T12:00:00+00:00,America/New_York
KLGA,2026-07-31,LOW,1785499200,2026-07-31T12:00:00+00:00,America/New_York
KMIA,2026-07-31,HIGH,1785499200,2026-07-31T12:00:00+00:00,America/New_York
KMIA,2026-07-31,LOW,1785499200,2026-07-31T12:00:00+00:00,America/New_York
KMSP,2026-07-31,HIGH,1785499200,2026-07-31T12:00:00+00:00,America/Chicago
KMSP,2026-07-31,LOW,1785499200,2026-07-31T12:00:00+00:00,America/Chicago
KORD,2026-07-31,HIGH,1785499200,2026-07-31T12:00:00+00:00,America/Chicago
KORD,2026-07-31,LOW,1785499200,2026-07-31T12:00:00+00:00,America/Chicago
KPHX,2026-07-31,HIGH,1785499200,2026-07-31T12:00:00+00:00,America/Phoenix
KPHX,2026-07-31,LOW,1785499200,2026-07-31T12:00:00+00:00,America/Phoenix
KPWM,2026-07-31,HIGH,1785499200,2026-07-31T12:00:00+00:00,America/New_York
KPWM,2026-07-31,LOW,1785499200,2026-07-31T12:00:00+00:00,America/New_York
KSEA,2026-07-31,HIGH,1785499200,2026-07-31T12:00:00+00:00,America/Los_Angeles
KSEA,2026-07-31,LOW,1785499200,2026-07-31T12:00:00+00:00,America/Los_Angeles
KSFO,2026-07-31,HIGH,1785499200,2026-07-31T12:00:00+00:00,America/Los_Angeles
KSFO,2026-07-31,LOW,1785499200,2026-07-31T12:00:00+00:00,America/Los_Angeles
KSLC,2026-07-31,HIGH,1785499200,2026-07-31T12:00:00+00:00,America/Denver
KSLC,2026-07-31,LOW,1785499200,2026-07-31T12:00:00+00:00,America/Denver
KTPA,2026-07-31,HIGH,1785499200,2026-07-31T12:00:00+00:00,America/New_York
KTPA,2026-07-31,LOW,1785499200,2026-07-31T12:00:00+00:00,America/New_York
KATL,2026-08-01,HIGH,1785585600,2026-08-01T12:00:00+00:00,America/New_York
KATL,2026-08-01,LOW,1785585600,2026-08-01T12:00:00+00:00,America/New_York
KBOS,2026-08-01,HIGH,1785585600,2026-08-01T12:00:00+00:00,America/New_York
KBOS,2026-08-01,LOW,1785585600,2026-08-01T12:00:00+00:00,America/New_York
KBWI,2026-08-01,HIGH,1785585600,2026-08-01T12:00:00+00:00,America/New_York
KBWI,2026-08-01,LOW,1785585600,2026-08-01T12:00:00+00:00,America/New_York
KDCA,2026-08-01,HIGH,1785585600,2026-08-01T12:00:00+00:00,America/New_York
KDCA,2026-08-01,LOW,1785585600,2026-08-01T12:00:00+00:00,America/New_York
KDEN,2026-08-01,HIGH,1785585600,2026-08-01T12:00:00+00:00,America/Denver
KDEN,2026-08-01,LOW,1785585600,2026-08-01T12:00:00+00:00,America/Denver
KDFW,2026-08-01,HIGH,1785585600,2026-08-01T12:00:00+00:00,America/Chicago
KDFW,2026-08-01,LOW,1785585600,2026-08-01T12:00:00+00:00,America/Chicago
KEWR,2026-08-01,HIGH,1785585600,2026-08-01T12:00:00+00:00,America/New_York
KEWR,2026-08-01,LOW,1785585600,2026-08-01T12:00:00+00:00,America/New_York
KIAD,2026-08-01,HIGH,1785585600,2026-08-01T12:00:00+00:00,America/New_York
KIAD,2026-08-01,LOW,1785585600,2026-08-01T12:00:00+00:00,America/New_York
KJFK,2026-08-01,HIGH,1785585600,2026-08-01T12:00:00+00:00,America/New_York
KJFK,2026-08-01,LOW,1785585600,2026-08-01T12:00:00+00:00,America/New_York
KLAX,2026-08-01,HIGH,1785585600,2026-08-01T12:00:00+00:00,America/Los_Angeles
KLAX,2026-08-01,LOW,1785585600,2026-08-01T12:00:00+00:00,America/Los_Angeles
KLGA,2026-08-01,HIGH,1785585600,2026-08-01T12:00:00+00:00,America/New_York
KLGA,2026-08-01,LOW,1785585600,2026-08-01T12:00:00+00:00,America/New_York
KMIA,2026-08-01,HIGH,1785585600,2026-08-01T12:00:00+00:00,America/New_York
KMIA,2026-08-01,LOW,1785585600,2026-08-01T12:00:00+00:00,America/New_York
KMSP,2026-08-01,HIGH,1785585600,2026-08-01T12:00:00+00:00,America/Chicago
KMSP,2026-08-01,LOW,1785585600,2026-08-01T12:00:00+00:00,America/Chicago
KORD,2026-08-01,HIGH,1785585600,2026-08-01T12:00:00+00:00,America/Chicago
KORD,2026-08-01,LOW,1785585600,2026-08-01T12:00:00+00:00,America/Chicago
KPHX,2026-08-01,HIGH,1785585600,2026-08-01T12:00:00+00:00,America/Phoenix
KPHX,2026-08-01,LOW,1785585600,2026-08-01T12:00:00+00:00,America/Phoenix
KPWM,2026-08-01,HIGH,1785585600,2026-08-01T12:00:00+00:00,America/New_York
KPWM,2026-08-01,LOW,1785585600,2026-08-01T12:00:00+00:00,America/New_York
KSEA,2026-08-01,HIGH,1785585600,2026-08-01T12:00:00+00:00,America/Los_Angeles
KSEA,2026-08-01,LOW,1785585600,2026-08-01T12:00:00+00:00,America/Los_Angeles
KSFO,2026-08-01,HIGH,1785585600,2026-08-01T12:00:00+00:00,America/Los_Angeles
KSFO,2026-08-01,LOW,1785585600,2026-08-01T12:00:00+00:00,America/Los_Angeles
KSLC,2026-08-01,HIGH,1785585600,2026-08-01T12:00:00+00:00,America/Denver
KSLC,2026-08-01,LOW,1785585600,2026-08-01T12:00:00+00:00,America/Denver
KTPA,2026-08-01,HIGH,1785585600,2026-08-01T12:00:00+00:00,America/New_York
KTPA,2026-08-01,LOW,1785585600,2026-08-01T12:00:00+00:00,America/New_York
KATL,2026-08-02,HIGH,1785672000,2026-08-02T12:00:00+00:00,America/New_York
KATL,2026-08-02,LOW,1785672000,2026-08-02T12:00:00+00:00,America/New_York
KBOS,2026-08-02,HIGH,1785672000,2026-08-02T12:00:00+00:00,America/New_York
KBOS,2026-08-02,LOW,1785672000,2026-08-02T12:00:00+00:00,America/New_York
KBWI,2026-08-02,HIGH,1785672000,2026-08-02T12:00:00+00:00,America/New_York
KBWI,2026-08-02,LOW,1785672000,2026-08-02T12:00:00+00:00,America/New_York
KDCA,2026-08-02,HIGH,1785672000,2026-08-02T12:00:00+00:00,America/New_York
KDCA,2026-08-02,LOW,1785672000,2026-08-02T12:00:00+00:00,America/New_York
KDEN,2026-08-02,HIGH,1785672000,2026-08-02T12:00:00+00:00,America/Denver
KDEN,2026-08-02,LOW,1785672000,2026-08-02T12:00:00+00:00,America/Denver
KDFW,2026-08-02,HIGH,1785672000,2026-08-02T12:00:00+00:00,America/Chicago
KDFW,2026-08-02,LOW,1785672000,2026-08-02T12:00:00+00:00,America/Chicago
KEWR,2026-08-02,HIGH,1785672000,2026-08-02T12:00:00+00:00,America/New_York
KEWR,2026-08-02,LOW,1785672000,2026-08-02T12:00:00+00:00,America/New_York
KIAD,2026-08-02,HIGH,1785672000,2026-08-02T12:00:00+00:00,America/New_York
KIAD,2026-08-02,LOW,1785672000,2026-08-02T12:00:00+00:00,America/New_York
KJFK,2026-08-02,HIGH,1785672000,2026-08-02T12:00:00+00:00,America/New_York
KJFK,2026-08-02,LOW,1785672000,2026-08-02T12:00:00+00:00,America/New_York
KLAX,2026-08-02,HIGH,1785672000,2026-08-02T12:00:00+00:00,America/Los_Angeles
KLAX,2026-08-02,LOW,1785672000,2026-08-02T12:00:00+00:00,America/Los_Angeles
KLGA,2026-08-02,HIGH,1785672000,2026-08-02T12:00:00+00:00,America/New_York
KLGA,2026-08-02,LOW,1785672000,2026-08-02T12:00:00+00:00,America/New_York
KMIA,2026-08-02,HIGH,1785672000,2026-08-02T12:00:00+00:00,America/New_York
KMIA,2026-08-02,LOW,1785672000,2026-08-02T12:00:00+00:00,America/New_York
KMSP,2026-08-02,HIGH,1785672000,2026-08-02T12:00:00+00:00,America/Chicago
KMSP,2026-08-02,LOW,1785672000,2026-08-02T12:00:00+00:00,America/Chicago
KORD,2026-08-02,HIGH,1785672000,2026-08-02T12:00:00+00:00,America/Chicago
KORD,2026-08-02,LOW,1785672000,2026-08-02T12:00:00+00:00,America/Chicago
KPHX,2026-08-02,HIGH,1785672000,2026-08-02T12:00:00+00:00,America/Phoenix
KPHX,2026-08-02,LOW,1785672000,2026-08-02T12:00:00+00:00,America/Phoenix
KPWM,2026-08-02,HIGH,1785672000,2026-08-02T12:00:00+00:00,America/New_York
KPWM,2026-08-02,LOW,1785672000,2026-08-02T12:00:00+00:00,America/New_York
KSEA,2026-08-02,HIGH,1785672000,2026-08-02T12:00:00+00:00,America/Los_Angeles
KSEA,2026-08-02,LOW,1785672000,2026-08-02T12:00:00+00:00,America/Los_Angeles
KSFO,2026-08-02,HIGH,1785672000,2026-08-02T12:00:00+00:00,America/Los_Angeles
KSFO,2026-08-02,LOW,1785672000,2026-08-02T12:00:00+00:00,America/Los_Angeles
KSLC,2026-08-02,HIGH,1785672000,2026-08-02T12:00:00+00:00,America/Denver
KSLC,2026-08-02,LOW,1785672000,2026-08-02T12:00:00+00:00,America/Denver
KTPA,2026-08-02,HIGH,1785672000,2026-08-02T12:00:00+00:00,America/New_York
KTPA,2026-08-02,LOW,1785672000,2026-08-02T12:00:00+00:00,America/New_York
KATL,2026-08-03,HIGH,1785758400,2026-08-03T12:00:00+00:00,America/New_York
KATL,2026-08-03,LOW,1785758400,2026-08-03T12:00:00+00:00,America/New_York
KBOS,2026-08-03,HIGH,1785758400,2026-08-03T12:00:00+00:00,America/New_York
KBOS,2026-08-03,LOW,1785758400,2026-08-03T12:00:00+00:00,America/New_York
KBWI,2026-08-03,HIGH,1785758400,2026-08-03T12:00:00+00:00,America/New_York
KBWI,2026-08-03,LOW,1785758400,2026-08-03T12:00:00+00:00,America/New_York
KDCA,2026-08-03,HIGH,1785758400,2026-08-03T12:00:00+00:00,America/New_York
KDCA,2026-08-03,LOW,1785758400,2026-08-03T12:00:00+00:00,America/New_York
KDEN,2026-08-03,HIGH,1785758400,2026-08-03T12:00:00+00:00,America/Denver
KDEN,2026-08-03,LOW,1785758400,2026-08-03T12:00:00+00:00,America/Denver
KDFW,2026-08-03,HIGH,1785758400,2026-08-03T12:00:00+00:00,America/Chicago
KDFW,2026-08-03,LOW,1785758400,2026-08-03T12:00:00+00:00,America/Chicago
KEWR,2026-08-03,HIGH,1785758400,2026-08-03T12:00:00+00:00,America/New_York
KEWR,2026-08-03,LOW,1785758400,2026-08-03T12:00:00+00:00,America/New_York
KIAD,2026-08-03,HIGH,1785758400,2026-08-03T12:00:00+00:00,America/New_York
KIAD,2026-08-03,LOW,1785758400,2026-08-03T12:00:00+00:00,America/New_York
KJFK,2026-08-03,HIGH,1785758400,2026-08-03T12:00:00+00:00,America/New_York
KJFK,2026-08-03,LOW,1785758400,2026-08-03T12:00:00+00:00,America/New_York
KLAX,2026-08-03,HIGH,1785758400,2026-08-03T12:00:00+00:00,America/Los_Angeles
KLAX,2026-08-03,LOW,1785758400,2026-08-03T12:00:00+00:00,America/Los_Angeles
KLGA,2026-08-03,HIGH,1785758400,2026-08-03T12:00:00+00:00,America/New_York
KLGA,2026-08-03,LOW,1785758400,2026-08-03T12:00:00+00:00,America/New_York
KMIA,2026-08-03,HIGH,1785758400,2026-08-03T12:00:00+00:00,America/New_York
KMIA,2026-08-03,LOW,1785758400,2026-08-03T12:00:00+00:00,America/New_York
KMSP,2026-08-03,HIGH,1785758400,2026-08-03T12:00:00+00:00,America/Chicago
KMSP,2026-08-03,LOW,1785758400,2026-08-03T12:00:00+00:00,America/Chicago
KORD,2026-08-03,HIGH,1785758400,2026-08-03T12:00:00+00:00,America/Chicago
KORD,2026-08-03,LOW,1785758400,2026-08-03T12:00:00+00:00,America/Chicago
KPHX,2026-08-03,HIGH,1785758400,2026-08-03T12:00:00+00:00,America/Phoenix
KPHX,2026-08-03,LOW,1785758400,2026-08-03T12:00:00+00:00,America/Phoenix
KPWM,2026-08-03,HIGH,1785758400,2026-08-03T12:00:00+00:00,America/New_York
KPWM,2026-08-03,LOW,1785758400,2026-08-03T12:00:00+00:00,America/New_York
KSEA,2026-08-03,HIGH,1785758400,2026-08-03T12:00:00+00:00,America/Los_Angeles
KSEA,2026-08-03,LOW,1785758400,2026-08-03T12:00:00+00:00,America/Los_Angeles
KSFO,2026-08-03,HIGH,1785758400,2026-08-03T12:00:00+00:00,America/Los_Angeles
KSFO,2026-08-03,LOW,1785758400,2026-08-03T12:00:00+00:00,America/Los_Angeles
KSLC,2026-08-03,HIGH,1785758400,2026-08-03T12:00:00+00:00,America/Denver
KSLC,2026-08-03,LOW,1785758400,2026-08-03T12:00:00+00:00,America/Denver
KTPA,2026-08-03,HIGH,1785758400,2026-08-03T12:00:00+00:00,America/New_York
KTPA,2026-08-03,LOW,1785758400,2026-08-03T12:00:00+00:00,America/New_York
KATL,2026-08-04,HIGH,1785844800,2026-08-04T12:00:00+00:00,America/New_York
KATL,2026-08-04,LOW,1785844800,2026-08-04T12:00:00+00:00,America/New_York
KBOS,2026-08-04,HIGH,1785844800,2026-08-04T12:00:00+00:00,America/New_York
KBOS,2026-08-04,LOW,1785844800,2026-08-04T12:00:00+00:00,America/New_York
KBWI,2026-08-04,HIGH,1785844800,2026-08-04T12:00:00+00:00,America/New_York
KBWI,2026-08-04,LOW,1785844800,2026-08-04T12:00:00+00:00,America/New_York
KDCA,2026-08-04,HIGH,1785844800,2026-08-04T12:00:00+00:00,America/New_York
KDCA,2026-08-04,LOW,1785844800,2026-08-04T12:00:00+00:00,America/New_York
KDEN,2026-08-04,HIGH,1785844800,2026-08-04T12:00:00+00:00,America/Denver
KDEN,2026-08-04,LOW,1785844800,2026-08-04T12:00:00+00:00,America/Denver
KDFW,2026-08-04,HIGH,1785844800,2026-08-04T12:00:00+00:00,America/Chicago
KDFW,2026-08-04,LOW,1785844800,2026-08-04T12:00:00+00:00,America/Chicago
KEWR,2026-08-04,HIGH,1785844800,2026-08-04T12:00:00+00:00,America/New_York
KEWR,2026-08-04,LOW,1785844800,2026-08-04T12:00:00+00:00,America/New_York
KIAD,2026-08-04,HIGH,1785844800,2026-08-04T12:00:00+00:00,America/New_York
KIAD,2026-08-04,LOW,1785844800,2026-08-04T12:00:00+00:00,America/New_York
KJFK,2026-08-04,HIGH,1785844800,2026-08-04T12:00:00+00:00,America/New_York
KJFK,2026-08-04,LOW,1785844800,2026-08-04T12:00:00+00:00,America/New_York
KLAX,2026-08-04,HIGH,1785844800,2026-08-04T12:00:00+00:00,America/Los_Angeles
KLAX,2026-08-04,LOW,1785844800,2026-08-04T12:00:00+00:00,America/Los_Angeles
KLGA,2026-08-04,HIGH,1785844800,2026-08-04T12:00:00+00:00,America/New_York
KLGA,2026-08-04,LOW,1785844800,2026-08-04T12:00:00+00:00,America/New_York
KMIA,2026-08-04,HIGH,1785844800,2026-08-04T12:00:00+00:00,America/New_York
KMIA,2026-08-04,LOW,1785844800,2026-08-04T12:00:00+00:00,America/New_York
KMSP,2026-08-04,HIGH,1785844800,2026-08-04T12:00:00+00:00,America/Chicago
KMSP,2026-08-04,LOW,1785844800,2026-08-04T12:00:00+00:00,America/Chicago
KORD,2026-08-04,HIGH,1785844800,2026-08-04T12:00:00+00:00,America/Chicago
KORD,2026-08-04,LOW,1785844800,2026-08-04T12:00:00+00:00,America/Chicago
KPHX,2026-08-04,HIGH,1785844800,2026-08-04T12:00:00+00:00,America/Phoenix
KPHX,2026-08-04,LOW,1785844800,2026-08-04T12:00:00+00:00,America/Phoenix
KPWM,2026-08-04,HIGH,1785844800,2026-08-04T12:00:00+00:00,America/New_York
KPWM,2026-08-04,LOW,1785844800,2026-08-04T12:00:00+00:00,America/New_York
KSEA,2026-08-04,HIGH,1785844800,2026-08-04T12:00:00+00:00,America/Los_Angeles
KSEA,2026-08-04,LOW,1785844800,2026-08-04T12:00:00+00:00,America/Los_Angeles
KSFO,2026-08-04,HIGH,1785844800,2026-08-04T12:00:00+00:00,America/Los_Angeles
KSFO,2026-08-04,LOW,1785844800,2026-08-04T12:00:00+00:00,America/Los_Angeles
KSLC,2026-08-04,HIGH,1785844800,2026-08-04T12:00:00+00:00,America/Denver
KSLC,2026-08-04,LOW,1785844800,2026-08-04T12:00:00+00:00,America/Denver
KTPA,2026-08-04,HIGH,1785844800,2026-08-04T12:00:00+00:00,America/New_York
KTPA,2026-08-04,LOW,1785844800,2026-08-04T12:00:00+00:00,America/New_York
KATL,2026-08-05,HIGH,1785931200,2026-08-05T12:00:00+00:00,America/New_York
KATL,2026-08-05,LOW,1785931200,2026-08-05T12:00:00+00:00,America/New_York
KBOS,2026-08-05,HIGH,1785931200,2026-08-05T12:00:00+00:00,America/New_York
KBOS,2026-08-05,LOW,1785931200,2026-08-05T12:00:00+00:00,America/New_York
KBWI,2026-08-05,HIGH,1785931200,2026-08-05T12:00:00+00:00,America/New_York
KBWI,2026-08-05,LOW,1785931200,2026-08-05T12:00:00+00:00,America/New_York
KDCA,2026-08-05,HIGH,1785931200,2026-08-05T12:00:00+00:00,America/New_York
KDCA,2026-08-05,LOW,1785931200,2026-08-05T12:00:00+00:00,America/New_York
KDEN,2026-08-05,HIGH,1785931200,2026-08-05T12:00:00+00:00,America/Denver
KDEN,2026-08-05,LOW,1785931200,2026-08-05T12:00:00+00:00,America/Denver
KDFW,2026-08-05,HIGH,1785931200,2026-08-05T12:00:00+00:00,America/Chicago
KDFW,2026-08-05,LOW,1785931200,2026-08-05T12:00:00+00:00,America/Chicago
KEWR,2026-08-05,HIGH,1785931200,2026-08-05T12:00:00+00:00,America/New_York
KEWR,2026-08-05,LOW,1785931200,2026-08-05T12:00:00+00:00,America/New_York
KIAD,2026-08-05,HIGH,1785931200,2026-08-05T12:00:00+00:00,America/New_York
KIAD,2026-08-05,LOW,1785931200,2026-08-05T12:00:00+00:00,America/New_York
KJFK,2026-08-05,HIGH,1785931200,2026-08-05T12:00:00+00:00,America/New_York
KJFK,2026-08-05,LOW,1785931200,2026-08-05T12:00:00+00:00,America/New_York
KLAX,2026-08-05,HIGH,1785931200,2026-08-05T12:00:00+00:00,America/Los_Angeles
KLAX,2026-08-05,LOW,1785931200,2026-08-05T12:00:00+00:00,America/Los_Angeles
KLGA,2026-08-05,HIGH,1785931200,2026-08-05T12:00:00+00:00,America/New_York
KLGA,2026-08-05,LOW,1785931200,2026-08-05T12:00:00+00:00,America/New_York
KMIA,2026-08-05,HIGH,1785931200,2026-08-05T12:00:00+00:00,America/New_York
KMIA,2026-08-05,LOW,1785931200,2026-08-05T12:00:00+00:00,America/New_York
KMSP,2026-08-05,HIGH,1785931200,2026-08-05T12:00:00+00:00,America/Chicago
KMSP,2026-08-05,LOW,1785931200,2026-08-05T12:00:00+00:00,America/Chicago
KORD,2026-08-05,HIGH,1785931200,2026-08-05T12:00:00+00:00,America/Chicago
KORD,2026-08-05,LOW,1785931200,2026-08-05T12:00:00+00:00,America/Chicago
KPHX,2026-08-05,HIGH,1785931200,2026-08-05T12:00:00+00:00,America/Phoenix
KPHX,2026-08-05,LOW,1785931200,2026-08-05T12:00:00+00:00,America/Phoenix
KPWM,2026-08-05,HIGH,1785931200,2026-08-05T12:00:00+00:00,America/New_York
KPWM,2026-08-05,LOW,1785931200,2026-08-05T12:00:00+00:00,America/New_York
KSEA,2026-08-05,HIGH,1785931200,2026-08-05T12:00:00+00:00,America/Los_Angeles
KSEA,2026-08-05,LOW,1785931200,2026-08-05T12:00:00+00:00,America/Los_Angeles
KSFO,2026-08-05,HIGH,1785931200,2026-08-05T12:00:00+00:00,America/Los_Angeles
KSFO,2026-08-05,LOW,1785931200,2026-08-05T12:00:00+00:00,America/Los_Angeles
KSLC,2026-08-05,HIGH,1785931200,2026-08-05T12:00:00+00:00,America/Denver
KSLC,2026-08-05,LOW,1785931200,2026-08-05T12:00:00+00:00,America/Denver
KTPA,2026-08-05,HIGH,1785931200,2026-08-05T12:00:00+00:00,America/New_York
KTPA,2026-08-05,LOW,1785931200,2026-08-05T12:00:00+00:00,America/New_York
KATL,2026-08-06,HIGH,1786017600,2026-08-06T12:00:00+00:00,America/New_York
KATL,2026-08-06,LOW,1786017600,2026-08-06T12:00:00+00:00,America/New_York
KBOS,2026-08-06,HIGH,1786017600,2026-08-06T12:00:00+00:00,America/New_York
KBOS,2026-08-06,LOW,1786017600,2026-08-06T12:00:00+00:00,America/New_York
KBWI,2026-08-06,HIGH,1786017600,2026-08-06T12:00:00+00:00,America/New_York
KBWI,2026-08-06,LOW,1786017600,2026-08-06T12:00:00+00:00,America/New_York
KDCA,2026-08-06,HIGH,1786017600,2026-08-06T12:00:00+00:00,America/New_York
KDCA,2026-08-06,LOW,1786017600,2026-08-06T12:00:00+00:00,America/New_York
KDEN,2026-08-06,HIGH,1786017600,2026-08-06T12:00:00+00:00,America/Denver
KDEN,2026-08-06,LOW,1786017600,2026-08-06T12:00:00+00:00,America/Denver
KDFW,2026-08-06,HIGH,1786017600,2026-08-06T12:00:00+00:00,America/Chicago
KDFW,2026-08-06,LOW,1786017600,2026-08-06T12:00:00+00:00,America/Chicago
KEWR,2026-08-06,HIGH,1786017600,2026-08-06T12:00:00+00:00,America/New_York
KEWR,2026-08-06,LOW,1786017600,2026-08-06T12:00:00+00:00,America/New_York
KIAD,2026-08-06,HIGH,1786017600,2026-08-06T12:00:00+00:00,America/New_York
KIAD,2026-08-06,LOW,1786017600,2026-08-06T12:00:00+00:00,America/New_York
KJFK,2026-08-06,HIGH,1786017600,2026-08-06T12:00:00+00:00,America/New_York
KJFK,2026-08-06,LOW,1786017600,2026-08-06T12:00:00+00:00,America/New_York
KLAX,2026-08-06,HIGH,1786017600,2026-08-06T12:00:00+00:00,America/Los_Angeles
KLAX,2026-08-06,LOW,1786017600,2026-08-06T12:00:00+00:00,America/Los_Angeles
KLGA,2026-08-06,HIGH,1786017600,2026-08-06T12:00:00+00:00,America/New_York
KLGA,2026-08-06,LOW,1786017600,2026-08-06T12:00:00+00:00,America/New_York
KMIA,2026-08-06,HIGH,1786017600,2026-08-06T12:00:00+00:00,America/New_York
KMIA,2026-08-06,LOW,1786017600,2026-08-06T12:00:00+00:00,America/New_York
KMSP,2026-08-06,HIGH,1786017600,2026-08-06T12:00:00+00:00,America/Chicago
KMSP,2026-08-06,LOW,1786017600,2026-08-06T12:00:00+00:00,America/Chicago
KORD,2026-08-06,HIGH,1786017600,2026-08-06T12:00:00+00:00,America/Chicago
KORD,2026-08-06,LOW,1786017600,2026-08-06T12:00:00+00:00,America/Chicago
KPHX,2026-08-06,HIGH,1786017600,2026-08-06T12:00:00+00:00,America/Phoenix
KPHX,2026-08-06,LOW,1786017600,2026-08-06T12:00:00+00:00,America/Phoenix
KPWM,2026-08-06,HIGH,1786017600,2026-08-06T12:00:00+00:00,America/New_York
KPWM,2026-08-06,LOW,1786017600,2026-08-06T12:00:00+00:00,America/New_York
KSEA,2026-08-06,HIGH,1786017600,2026-08-06T12:00:00+00:00,America/Los_Angeles
KSEA,2026-08-06,LOW,1786017600,2026-08-06T12:00:00+00:00,America/Los_Angeles
KSFO,2026-08-06,HIGH,1786017600,2026-08-06T12:00:00+00:00,America/Los_Angeles
KSFO,2026-08-06,LOW,1786017600,2026-08-06T12:00:00+00:00,America/Los_Angeles
KSLC,2026-08-06,HIGH,1786017600,2026-08-06T12:00:00+00:00,America/Denver
KSLC,2026-08-06,LOW,1786017600,2026-08-06T12:00:00+00:00,America/Denver
KTPA,2026-08-06,HIGH,1786017600,2026-08-06T12:00:00+00:00,America/New_York
KTPA,2026-08-06,LOW,1786017600,2026-08-06T12:00:00+00:00,America/New_York
KATL,2026-08-07,HIGH,1786104000,2026-08-07T12:00:00+00:00,America/New_York
KATL,2026-08-07,LOW,1786104000,2026-08-07T12:00:00+00:00,America/New_York
KBOS,2026-08-07,HIGH,1786104000,2026-08-07T12:00:00+00:00,America/New_York
KBOS,2026-08-07,LOW,1786104000,2026-08-07T12:00:00+00:00,America/New_York
KBWI,2026-08-07,HIGH,1786104000,2026-08-07T12:00:00+00:00,America/New_York
KBWI,2026-08-07,LOW,1786104000,2026-08-07T12:00:00+00:00,America/New_York
KDCA,2026-08-07,HIGH,1786104000,2026-08-07T12:00:00+00:00,America/New_York
KDCA,2026-08-07,LOW,1786104000,2026-08-07T12:00:00+00:00,America/New_York
KDEN,2026-08-07,HIGH,1786104000,2026-08-07T12:00:00+00:00,America/Denver
KDEN,2026-08-07,LOW,1786104000,2026-08-07T12:00:00+00:00,America/Denver
KDFW,2026-08-07,HIGH,1786104000,2026-08-07T12:00:00+00:00,America/Chicago
KDFW,2026-08-07,LOW,1786104000,2026-08-07T12:00:00+00:00,America/Chicago
KEWR,2026-08-07,HIGH,1786104000,2026-08-07T12:00:00+00:00,America/New_York
KEWR,2026-08-07,LOW,1786104000,2026-08-07T12:00:00+00:00,America/New_York
KIAD,2026-08-07,HIGH,1786104000,2026-08-07T12:00:00+00:00,America/New_York
KIAD,2026-08-07,LOW,1786104000,2026-08-07T12:00:00+00:00,America/New_York
KJFK,2026-08-07,HIGH,1786104000,2026-08-07T12:00:00+00:00,America/New_York
KJFK,2026-08-07,LOW,1786104000,2026-08-07T12:00:00+00:00,America/New_York
KLAX,2026-08-07,HIGH,1786104000,2026-08-07T12:00:00+00:00,America/Los_Angeles
KLAX,2026-08-07,LOW,1786104000,2026-08-07T12:00:00+00:00,America/Los_Angeles
KLGA,2026-08-07,HIGH,1786104000,2026-08-07T12:00:00+00:00,America/New_York
KLGA,2026-08-07,LOW,1786104000,2026-08-07T12:00:00+00:00,America/New_York
KMIA,2026-08-07,HIGH,1786104000,2026-08-07T12:00:00+00:00,America/New_York
KMIA,2026-08-07,LOW,1786104000,2026-08-07T12:00:00+00:00,America/New_York
KMSP,2026-08-07,HIGH,1786104000,2026-08-07T12:00:00+00:00,America/Chicago
KMSP,2026-08-07,LOW,1786104000,2026-08-07T12:00:00+00:00,America/Chicago
KORD,2026-08-07,HIGH,1786104000,2026-08-07T12:00:00+00:00,America/Chicago
KORD,2026-08-07,LOW,1786104000,2026-08-07T12:00:00+00:00,America/Chicago
KPHX,2026-08-07,HIGH,1786104000,2026-08-07T12:00:00+00:00,America/Phoenix
KPHX,2026-08-07,LOW,1786104000,2026-08-07T12:00:00+00:00,America/Phoenix
KPWM,2026-08-07,HIGH,1786104000,2026-08-07T12:00:00+00:00,America/New_York
KPWM,2026-08-07,LOW,1786104000,2026-08-07T12:00:00+00:00,America/New_York
KSEA,2026-08-07,HIGH,1786104000,2026-08-07T12:00:00+00:00,America/Los_Angeles
KSEA,2026-08-07,LOW,1786104000,2026-08-07T12:00:00+00:00,America/Los_Angeles
KSFO,2026-08-07,HIGH,1786104000,2026-08-07T12:00:00+00:00,America/Los_Angeles
KSFO,2026-08-07,LOW,1786104000,2026-08-07T12:00:00+00:00,America/Los_Angeles
KSLC,2026-08-07,HIGH,1786104000,2026-08-07T12:00:00+00:00,America/Denver
KSLC,2026-08-07,LOW,1786104000,2026-08-07T12:00:00+00:00,America/Denver
KTPA,2026-08-07,HIGH,1786104000,2026-08-07T12:00:00+00:00,America/New_York
KTPA,2026-08-07,LOW,1786104000,2026-08-07T12:00:00+00:00,America/New_York
KATL,2026-08-08,HIGH,1786190400,2026-08-08T12:00:00+00:00,America/New_York
KATL,2026-08-08,LOW,1786190400,2026-08-08T12:00:00+00:00,America/New_York
KBOS,2026-08-08,HIGH,1786190400,2026-08-08T12:00:00+00:00,America/New_York
KBOS,2026-08-08,LOW,1786190400,2026-08-08T12:00:00+00:00,America/New_York
KBWI,2026-08-08,HIGH,1786190400,2026-08-08T12:00:00+00:00,America/New_York
KBWI,2026-08-08,LOW,1786190400,2026-08-08T12:00:00+00:00,America/New_York
KDCA,2026-08-08,HIGH,1786190400,2026-08-08T12:00:00+00:00,America/New_York
KDCA,2026-08-08,LOW,1786190400,2026-08-08T12:00:00+00:00,America/New_York
KDEN,2026-08-08,HIGH,1786190400,2026-08-08T12:00:00+00:00,America/Denver
KDEN,2026-08-08,LOW,1786190400,2026-08-08T12:00:00+00:00,America/Denver
KDFW,2026-08-08,HIGH,1786190400,2026-08-08T12:00:00+00:00,America/Chicago
KDFW,2026-08-08,LOW,1786190400,2026-08-08T12:00:00+00:00,America/Chicago
KEWR,2026-08-08,HIGH,1786190400,2026-08-08T12:00:00+00:00,America/New_York
KEWR,2026-08-08,LOW,1786190400,2026-08-08T12:00:00+00:00,America/New_York
KIAD,2026-08-08,HIGH,1786190400,2026-08-08T12:00:00+00:00,America/New_York
KIAD,2026-08-08,LOW,1786190400,2026-08-08T12:00:00+00:00,America/New_York
KJFK,2026-08-08,HIGH,1786190400,2026-08-08T12:00:00+00:00,America/New_York
KJFK,2026-08-08,LOW,1786190400,2026-08-08T12:00:00+00:00,America/New_York
KLAX,2026-08-08,HIGH,1786190400,2026-08-08T12:00:00+00:00,America/Los_Angeles
KLAX,2026-08-08,LOW,1786190400,2026-08-08T12:00:00+00:00,America/Los_Angeles
KLGA,2026-08-08,HIGH,1786190400,2026-08-08T12:00:00+00:00,America/New_York
KLGA,2026-08-08,LOW,1786190400,2026-08-08T12:00:00+00:00,America/New_York
KMIA,2026-08-08,HIGH,1786190400,2026-08-08T12:00:00+00:00,America/New_York
KMIA,2026-08-08,LOW,1786190400,2026-08-08T12:00:00+00:00,America/New_York
KMSP,2026-08-08,HIGH,1786190400,2026-08-08T12:00:00+00:00,America/Chicago
KMSP,2026-08-08,LOW,1786190400,2026-08-08T12:00:00+00:00,America/Chicago
KORD,2026-08-08,HIGH,1786190400,2026-08-08T12:00:00+00:00,America/Chicago
KORD,2026-08-08,LOW,1786190400,2026-08-08T12:00:00+00:00,America/Chicago
KPHX,2026-08-08,HIGH,1786190400,2026-08-08T12:00:00+00:00,America/Phoenix
KPHX,2026-08-08,LOW,1786190400,2026-08-08T12:00:00+00:00,America/Phoenix
KPWM,2026-08-08,HIGH,1786190400,2026-08-08T12:00:00+00:00,America/New_York
KPWM,2026-08-08,LOW,1786190400,2026-08-08T12:00:00+00:00,America/New_York
KSEA,2026-08-08,HIGH,1786190400,2026-08-08T12:00:00+00:00,America/Los_Angeles
KSEA,2026-08-08,LOW,1786190400,2026-08-08T12:00:00+00:00,America/Los_Angeles
KSFO,2026-08-08,HIGH,1786190400,2026-08-08T12:00:00+00:00,America/Los_Angeles
KSFO,2026-08-08,LOW,1786190400,2026-08-08T12:00:00+00:00,America/Los_Angeles
KSLC,2026-08-08,HIGH,1786190400,2026-08-08T12:00:00+00:00,America/Denver
KSLC,2026-08-08,LOW,1786190400,2026-08-08T12:00:00+00:00,America/Denver
KTPA,2026-08-08,HIGH,1786190400,2026-08-08T12:00:00+00:00,America/New_York
KTPA,2026-08-08,LOW,1786190400,2026-08-08T12:00:00+00:00,America/New_York
KATL,2026-08-09,HIGH,1786276800,2026-08-09T12:00:00+00:00,America/New_York
KATL,2026-08-09,LOW,1786276800,2026-08-09T12:00:00+00:00,America/New_York
KBOS,2026-08-09,HIGH,1786276800,2026-08-09T12:00:00+00:00,America/New_York
KBOS,2026-08-09,LOW,1786276800,2026-08-09T12:00:00+00:00,America/New_York
KBWI,2026-08-09,HIGH,1786276800,2026-08-09T12:00:00+00:00,America/New_York
KBWI,2026-08-09,LOW,1786276800,2026-08-09T12:00:00+00:00,America/New_York
KDCA,2026-08-09,HIGH,1786276800,2026-08-09T12:00:00+00:00,America/New_York
KDCA,2026-08-09,LOW,1786276800,2026-08-09T12:00:00+00:00,America/New_York
KDEN,2026-08-09,HIGH,1786276800,2026-08-09T12:00:00+00:00,America/Denver
KDEN,2026-08-09,LOW,1786276800,2026-08-09T12:00:00+00:00,America/Denver
KDFW,2026-08-09,HIGH,1786276800,2026-08-09T12:00:00+00:00,America/Chicago
KDFW,2026-08-09,LOW,1786276800,2026-08-09T12:00:00+00:00,America/Chicago
KEWR,2026-08-09,HIGH,1786276800,2026-08-09T12:00:00+00:00,America/New_York
KEWR,2026-08-09,LOW,1786276800,2026-08-09T12:00:00+00:00,America/New_York
KIAD,2026-08-09,HIGH,1786276800,2026-08-09T12:00:00+00:00,America/New_York
KIAD,2026-08-09,LOW,1786276800,2026-08-09T12:00:00+00:00,America/New_York
KJFK,2026-08-09,HIGH,1786276800,2026-08-09T12:00:00+00:00,America/New_York
KJFK,2026-08-09,LOW,1786276800,2026-08-09T12:00:00+00:00,America/New_York
KLAX,2026-08-09,HIGH,1786276800,2026-08-09T12:00:00+00:00,America/Los_Angeles
KLAX,2026-08-09,LOW,1786276800,2026-08-09T12:00:00+00:00,America/Los_Angeles
KLGA,2026-08-09,HIGH,1786276800,2026-08-09T12:00:00+00:00,America/New_York
KLGA,2026-08-09,LOW,1786276800,2026-08-09T12:00:00+00:00,America/New_York
KMIA,2026-08-09,HIGH,1786276800,2026-08-09T12:00:00+00:00,America/New_York
KMIA,2026-08-09,LOW,1786276800,2026-08-09T12:00:00+00:00,America/New_York
KMSP,2026-08-09,HIGH,1786276800,2026-08-09T12:00:00+00:00,America/Chicago
KMSP,2026-08-09,LOW,1786276800,2026-08-09T12:00:00+00:00,America/Chicago
KORD,2026-08-09,HIGH,1786276800,2026-08-09T12:00:00+00:00,America/Chicago
KORD,2026-08-09,LOW,1786276800,2026-08-09T12:00:00+00:00,America/Chicago
KPHX,2026-08-09,HIGH,1786276800,2026-08-09T12:00:00+00:00,America/Phoenix
KPHX,2026-08-09,LOW,1786276800,2026-08-09T12:00:00+00:00,America/Phoenix
KPWM,2026-08-09,HIGH,1786276800,2026-08-09T12:00:00+00:00,America/New_York
KPWM,2026-08-09,LOW,1786276800,2026-08-09T12:00:00+00:00,America/New_York
KSEA,2026-08-09,HIGH,1786276800,2026-08-09T12:00:00+00:00,America/Los_Angeles
KSEA,2026-08-09,LOW,1786276800,2026-08-09T12:00:00+00:00,America/Los_Angeles
KSFO,2026-08-09,HIGH,1786276800,2026-08-09T12:00:00+00:00,America/Los_Angeles
KSFO,2026-08-09,LOW,1786276800,2026-08-09T12:00:00+00:00,America/Los_Angeles
KSLC,2026-08-09,HIGH,1786276800,2026-08-09T12:00:00+00:00,America/Denver
KSLC,2026-08-09,LOW,1786276800,2026-08-09T12:00:00+00:00,America/Denver
KTPA,2026-08-09,HIGH,1786276800,2026-08-09T12:00:00+00:00,America/New_York
KTPA,2026-08-09,LOW,1786276800,2026-08-09T12:00:00+00:00,America/New_York
KATL,2026-08-10,HIGH,1786363200,2026-08-10T12:00:00+00:00,America/New_York
KATL,2026-08-10,LOW,1786363200,2026-08-10T12:00:00+00:00,America/New_York
KBOS,2026-08-10,HIGH,1786363200,2026-08-10T12:00:00+00:00,America/New_York
KBOS,2026-08-10,LOW,1786363200,2026-08-10T12:00:00+00:00,America/New_York
KBWI,2026-08-10,HIGH,1786363200,2026-08-10T12:00:00+00:00,America/New_York
KBWI,2026-08-10,LOW,1786363200,2026-08-10T12:00:00+00:00,America/New_York
KDCA,2026-08-10,HIGH,1786363200,2026-08-10T12:00:00+00:00,America/New_York
KDCA,2026-08-10,LOW,1786363200,2026-08-10T12:00:00+00:00,America/New_York
KDEN,2026-08-10,HIGH,1786363200,2026-08-10T12:00:00+00:00,America/Denver
KDEN,2026-08-10,LOW,1786363200,2026-08-10T12:00:00+00:00,America/Denver
KDFW,2026-08-10,HIGH,1786363200,2026-08-10T12:00:00+00:00,America/Chicago
KDFW,2026-08-10,LOW,1786363200,2026-08-10T12:00:00+00:00,America/Chicago
KEWR,2026-08-10,HIGH,1786363200,2026-08-10T12:00:00+00:00,America/New_York
KEWR,2026-08-10,LOW,1786363200,2026-08-10T12:00:00+00:00,America/New_York
KIAD,2026-08-10,HIGH,1786363200,2026-08-10T12:00:00+00:00,America/New_York
KIAD,2026-08-10,LOW,1786363200,2026-08-10T12:00:00+00:00,America/New_York
KJFK,2026-08-10,HIGH,1786363200,2026-08-10T12:00:00+00:00,America/New_York
KJFK,2026-08-10,LOW,1786363200,2026-08-10T12:00:00+00:00,America/New_York
KLAX,2026-08-10,HIGH,1786363200,2026-08-10T12:00:00+00:00,America/Los_Angeles
KLAX,2026-08-10,LOW,1786363200,2026-08-10T12:00:00+00:00,America/Los_Angeles
KLGA,2026-08-10,HIGH,1786363200,2026-08-10T12:00:00+00:00,America/New_York
KLGA,2026-08-10,LOW,1786363200,2026-08-10T12:00:00+00:00,America/New_York
KMIA,2026-08-10,HIGH,1786363200,2026-08-10T12:00:00+00:00,America/New_York
KMIA,2026-08-10,LOW,1786363200,2026-08-10T12:00:00+00:00,America/New_York
KMSP,2026-08-10,HIGH,1786363200,2026-08-10T12:00:00+00:00,America/Chicago
KMSP,2026-08-10,LOW,1786363200,2026-08-10T12:00:00+00:00,America/Chicago
KORD,2026-08-10,HIGH,1786363200,2026-08-10T12:00:00+00:00,America/Chicago
KORD,2026-08-10,LOW,1786363200,2026-08-10T12:00:00+00:00,America/Chicago
KPHX,2026-08-10,HIGH,1786363200,2026-08-10T12:00:00+00:00,America/Phoenix
KPHX,2026-08-10,LOW,1786363200,2026-08-10T12:00:00+00:00,America/Phoenix
KPWM,2026-08-10,HIGH,1786363200,2026-08-10T12:00:00+00:00,America/New_York
KPWM,2026-08-10,LOW,1786363200,2026-08-10T12:00:00+00:00,America/New_York
KSEA,2026-08-10,HIGH,1786363200,2026-08-10T12:00:00+00:00,America/Los_Angeles
KSEA,2026-08-10,LOW,1786363200,2026-08-10T12:00:00+00:00,America/Los_Angeles
KSFO,2026-08-10,HIGH,1786363200,2026-08-10T12:00:00+00:00,America/Los_Angeles
KSFO,2026-08-10,LOW,1786363200,2026-08-10T12:00:00+00:00,America/Los_Angeles
KSLC,2026-08-10,HIGH,1786363200,2026-08-10T12:00:00+00:00,America/Denver
KSLC,2026-08-10,LOW,1786363200,2026-08-10T12:00:00+00:00,America/Denver
KTPA,2026-08-10,HIGH,1786363200,2026-08-10T12:00:00+00:00,America/New_York
KTPA,2026-08-10,LOW,1786363200,2026-08-10T12:00:00+00:00,America/New_York
KATL,2026-08-11,HIGH,1786449600,2026-08-11T12:00:00+00:00,America/New_York
KATL,2026-08-11,LOW,1786449600,2026-08-11T12:00:00+00:00,America/New_York
KBOS,2026-08-11,HIGH,1786449600,2026-08-11T12:00:00+00:00,America/New_York
KBOS,2026-08-11,LOW,1786449600,2026-08-11T12:00:00+00:00,America/New_York
KBWI,2026-08-11,HIGH,1786449600,2026-08-11T12:00:00+00:00,America/New_York
KBWI,2026-08-11,LOW,1786449600,2026-08-11T12:00:00+00:00,America/New_York
KDCA,2026-08-11,HIGH,1786449600,2026-08-11T12:00:00+00:00,America/New_York
KDCA,2026-08-11,LOW,1786449600,2026-08-11T12:00:00+00:00,America/New_York
KDEN,2026-08-11,HIGH,1786449600,2026-08-11T12:00:00+00:00,America/Denver
KDEN,2026-08-11,LOW,1786449600,2026-08-11T12:00:00+00:00,America/Denver
KDFW,2026-08-11,HIGH,1786449600,2026-08-11T12:00:00+00:00,America/Chicago
KDFW,2026-08-11,LOW,1786449600,2026-08-11T12:00:00+00:00,America/Chicago
KEWR,2026-08-11,HIGH,1786449600,2026-08-11T12:00:00+00:00,America/New_York
KEWR,2026-08-11,LOW,1786449600,2026-08-11T12:00:00+00:00,America/New_York
KIAD,2026-08-11,HIGH,1786449600,2026-08-11T12:00:00+00:00,America/New_York
KIAD,2026-08-11,LOW,1786449600,2026-08-11T12:00:00+00:00,America/New_York
KJFK,2026-08-11,HIGH,1786449600,2026-08-11T12:00:00+00:00,America/New_York
KJFK,2026-08-11,LOW,1786449600,2026-08-11T12:00:00+00:00,America/New_York
KLAX,2026-08-11,HIGH,1786449600,2026-08-11T12:00:00+00:00,America/Los_Angeles
KLAX,2026-08-11,LOW,1786449600,2026-08-11T12:00:00+00:00,America/Los_Angeles
KLGA,2026-08-11,HIGH,1786449600,2026-08-11T12:00:00+00:00,America/New_York
KLGA,2026-08-11,LOW,1786449600,2026-08-11T12:00:00+00:00,America/New_York
KMIA,2026-08-11,HIGH,1786449600,2026-08-11T12:00:00+00:00,America/New_York
KMIA,2026-08-11,LOW,1786449600,2026-08-11T12:00:00+00:00,America/New_York
KMSP,2026-08-11,HIGH,1786449600,2026-08-11T12:00:00+00:00,America/Chicago
KMSP,2026-08-11,LOW,1786449600,2026-08-11T12:00:00+00:00,America/Chicago
KORD,2026-08-11,HIGH,1786449600,2026-08-11T12:00:00+00:00,America/Chicago
KORD,2026-08-11,LOW,1786449600,2026-08-11T12:00:00+00:00,America/Chicago
KPHX,2026-08-11,HIGH,1786449600,2026-08-11T12:00:00+00:00,America/Phoenix
KPHX,2026-08-11,LOW,1786449600,2026-08-11T12:00:00+00:00,America/Phoenix
KPWM,2026-08-11,HIGH,1786449600,2026-08-11T12:00:00+00:00,America/New_York
KPWM,2026-08-11,LOW,1786449600,2026-08-11T12:00:00+00:00,America/New_York
KSEA,2026-08-11,HIGH,1786449600,2026-08-11T12:00:00+00:00,America/Los_Angeles
KSEA,2026-08-11,LOW,1786449600,2026-08-11T12:00:00+00:00,America/Los_Angeles
KSFO,2026-08-11,HIGH,1786449600,2026-08-11T12:00:00+00:00,America/Los_Angeles
KSFO,2026-08-11,LOW,1786449600,2026-08-11T12:00:00+00:00,America/Los_Angeles
KSLC,2026-08-11,HIGH,1786449600,2026-08-11T12:00:00+00:00,America/Denver
KSLC,2026-08-11,LOW,1786449600,2026-08-11T12:00:00+00:00,America/Denver
KTPA,2026-08-11,HIGH,1786449600,2026-08-11T12:00:00+00:00,America/New_York
KTPA,2026-08-11,LOW,1786449600,2026-08-11T12:00:00+00:00,America/New_York
KATL,2026-08-12,HIGH,1786536000,2026-08-12T12:00:00+00:00,America/New_York
KATL,2026-08-12,LOW,1786536000,2026-08-12T12:00:00+00:00,America/New_York
KBOS,2026-08-12,HIGH,1786536000,2026-08-12T12:00:00+00:00,America/New_York
KBOS,2026-08-12,LOW,1786536000,2026-08-12T12:00:00+00:00,America/New_York
KBWI,2026-08-12,HIGH,1786536000,2026-08-12T12:00:00+00:00,America/New_York
KBWI,2026-08-12,LOW,1786536000,2026-08-12T12:00:00+00:00,America/New_York
KDCA,2026-08-12,HIGH,1786536000,2026-08-12T12:00:00+00:00,America/New_York
KDCA,2026-08-12,LOW,1786536000,2026-08-12T12:00:00+00:00,America/New_York
KDEN,2026-08-12,HIGH,1786536000,2026-08-12T12:00:00+00:00,America/Denver
KDEN,2026-08-12,LOW,1786536000,2026-08-12T12:00:00+00:00,America/Denver
KDFW,2026-08-12,HIGH,1786536000,2026-08-12T12:00:00+00:00,America/Chicago
KDFW,2026-08-12,LOW,1786536000,2026-08-12T12:00:00+00:00,America/Chicago
KEWR,2026-08-12,HIGH,1786536000,2026-08-12T12:00:00+00:00,America/New_York
KEWR,2026-08-12,LOW,1786536000,2026-08-12T12:00:00+00:00,America/New_York
KIAD,2026-08-12,HIGH,1786536000,2026-08-12T12:00:00+00:00,America/New_York
KIAD,2026-08-12,LOW,1786536000,2026-08-12T12:00:00+00:00,America/New_York
KJFK,2026-08-12,HIGH,1786536000,2026-08-12T12:00:00+00:00,America/New_York
KJFK,2026-08-12,LOW,1786536000,2026-08-12T12:00:00+00:00,America/New_York
KLAX,2026-08-12,HIGH,1786536000,2026-08-12T12:00:00+00:00,America/Los_Angeles
KLAX,2026-08-12,LOW,1786536000,2026-08-12T12:00:00+00:00,America/Los_Angeles
KLGA,2026-08-12,HIGH,1786536000,2026-08-12T12:00:00+00:00,America/New_York
KLGA,2026-08-12,LOW,1786536000,2026-08-12T12:00:00+00:00,America/New_York
KMIA,2026-08-12,HIGH,1786536000,2026-08-12T12:00:00+00:00,America/New_York
KMIA,2026-08-12,LOW,1786536000,2026-08-12T12:00:00+00:00,America/New_York
KMSP,2026-08-12,HIGH,1786536000,2026-08-12T12:00:00+00:00,America/Chicago
KMSP,2026-08-12,LOW,1786536000,2026-08-12T12:00:00+00:00,America/Chicago
KORD,2026-08-12,HIGH,1786536000,2026-08-12T12:00:00+00:00,America/Chicago
KORD,2026-08-12,LOW,1786536000,2026-08-12T12:00:00+00:00,America/Chicago
KPHX,2026-08-12,HIGH,1786536000,2026-08-12T12:00:00+00:00,America/Phoenix
KPHX,2026-08-12,LOW,1786536000,2026-08-12T12:00:00+00:00,America/Phoenix
KPWM,2026-08-12,HIGH,1786536000,2026-08-12T12:00:00+00:00,America/New_York
KPWM,2026-08-12,LOW,1786536000,2026-08-12T12:00:00+00:00,America/New_York
KSEA,2026-08-12,HIGH,1786536000,2026-08-12T12:00:00+00:00,America/Los_Angeles
KSEA,2026-08-12,LOW,1786536000,2026-08-12T12:00:00+00:00,America/Los_Angeles
KSFO,2026-08-12,HIGH,1786536000,2026-08-12T12:00:00+00:00,America/Los_Angeles
KSFO,2026-08-12,LOW,1786536000,2026-08-12T12:00:00+00:00,America/Los_Angeles
KSLC,2026-08-12,HIGH,1786536000,2026-08-12T12:00:00+00:00,America/Denver
KSLC,2026-08-12,LOW,1786536000,2026-08-12T12:00:00+00:00,America/Denver
KTPA,2026-08-12,HIGH,1786536000,2026-08-12T12:00:00+00:00,America/New_York
KTPA,2026-08-12,LOW,1786536000,2026-08-12T12:00:00+00:00,America/New_York
KATL,2026-08-13,HIGH,1786622400,2026-08-13T12:00:00+00:00,America/New_York
KATL,2026-08-13,LOW,1786622400,2026-08-13T12:00:00+00:00,America/New_York
KBOS,2026-08-13,HIGH,1786622400,2026-08-13T12:00:00+00:00,America/New_York
KBOS,2026-08-13,LOW,1786622400,2026-08-13T12:00:00+00:00,America/New_York
KBWI,2026-08-13,HIGH,1786622400,2026-08-13T12:00:00+00:00,America/New_York
KBWI,2026-08-13,LOW,1786622400,2026-08-13T12:00:00+00:00,America/New_York
KDCA,2026-08-13,HIGH,1786622400,2026-08-13T12:00:00+00:00,America/New_York
KDCA,2026-08-13,LOW,1786622400,2026-08-13T12:00:00+00:00,America/New_York
KDEN,2026-08-13,HIGH,1786622400,2026-08-13T12:00:00+00:00,America/Denver
KDEN,2026-08-13,LOW,1786622400,2026-08-13T12:00:00+00:00,America/Denver
KDFW,2026-08-13,HIGH,1786622400,2026-08-13T12:00:00+00:00,America/Chicago
KDFW,2026-08-13,LOW,1786622400,2026-08-13T12:00:00+00:00,America/Chicago
KEWR,2026-08-13,HIGH,1786622400,2026-08-13T12:00:00+00:00,America/New_York
KEWR,2026-08-13,LOW,1786622400,2026-08-13T12:00:00+00:00,America/New_York
KIAD,2026-08-13,HIGH,1786622400,2026-08-13T12:00:00+00:00,America/New_York
KIAD,2026-08-13,LOW,1786622400,2026-08-13T12:00:00+00:00,America/New_York
KJFK,2026-08-13,HIGH,1786622400,2026-08-13T12:00:00+00:00,America/New_York
KJFK,2026-08-13,LOW,1786622400,2026-08-13T12:00:00+00:00,America/New_York
KLAX,2026-08-13,HIGH,1786622400,2026-08-13T12:00:00+00:00,America/Los_Angeles
KLAX,2026-08-13,LOW,1786622400,2026-08-13T12:00:00+00:00,America/Los_Angeles
KLGA,2026-08-13,HIGH,1786622400,2026-08-13T12:00:00+00:00,America/New_York
KLGA,2026-08-13,LOW,1786622400,2026-08-13T12:00:00+00:00,America/New_York
KMIA,2026-08-13,HIGH,1786622400,2026-08-13T12:00:00+00:00,America/New_York
KMIA,2026-08-13,LOW,1786622400,2026-08-13T12:00:00+00:00,America/New_York
KMSP,2026-08-13,HIGH,1786622400,2026-08-13T12:00:00+00:00,America/Chicago
KMSP,2026-08-13,LOW,1786622400,2026-08-13T12:00:00+00:00,America/Chicago
KORD,2026-08-13,HIGH,1786622400,2026-08-13T12:00:00+00:00,America/Chicago
KORD,2026-08-13,LOW,1786622400,2026-08-13T12:00:00+00:00,America/Chicago
KPHX,2026-08-13,HIGH,1786622400,2026-08-13T12:00:00+00:00,America/Phoenix
KPHX,2026-08-13,LOW,1786622400,2026-08-13T12:00:00+00:00,America/Phoenix
KPWM,2026-08-13,HIGH,1786622400,2026-08-13T12:00:00+00:00,America/New_York
KPWM,2026-08-13,LOW,1786622400,2026-08-13T12:00:00+00:00,America/New_York
KSEA,2026-08-13,HIGH,1786622400,2026-08-13T12:00:00+00:00,America/Los_Angeles
KSEA,2026-08-13,LOW,1786622400,2026-08-13T12:00:00+00:00,America/Los_Angeles
KSFO,2026-08-13,HIGH,1786622400,2026-08-13T12:00:00+00:00,America/Los_Angeles
KSFO,2026-08-13,LOW,1786622400,2026-08-13T12:00:00+00:00,America/Los_Angeles
KSLC,2026-08-13,HIGH,1786622400,2026-08-13T12:00:00+00:00,America/Denver
KSLC,2026-08-13,LOW,1786622400,2026-08-13T12:00:00+00:00,America/Denver
KTPA,2026-08-13,HIGH,1786622400,2026-08-13T12:00:00+00:00,America/New_York
KTPA,2026-08-13,LOW,1786622400,2026-08-13T12:00:00+00:00,America/New_York
KATL,2026-08-14,HIGH,1786708800,2026-08-14T12:00:00+00:00,America/New_York
KATL,2026-08-14,LOW,1786708800,2026-08-14T12:00:00+00:00,America/New_York
KBOS,2026-08-14,HIGH,1786708800,2026-08-14T12:00:00+00:00,America/New_York
KBOS,2026-08-14,LOW,1786708800,2026-08-14T12:00:00+00:00,America/New_York
KBWI,2026-08-14,HIGH,1786708800,2026-08-14T12:00:00+00:00,America/New_York
KBWI,2026-08-14,LOW,1786708800,2026-08-14T12:00:00+00:00,America/New_York
KDCA,2026-08-14,HIGH,1786708800,2026-08-14T12:00:00+00:00,America/New_York
KDCA,2026-08-14,LOW,1786708800,2026-08-14T12:00:00+00:00,America/New_York
KDEN,2026-08-14,HIGH,1786708800,2026-08-14T12:00:00+00:00,America/Denver
KDEN,2026-08-14,LOW,1786708800,2026-08-14T12:00:00+00:00,America/Denver
KDFW,2026-08-14,HIGH,1786708800,2026-08-14T12:00:00+00:00,America/Chicago
KDFW,2026-08-14,LOW,1786708800,2026-08-14T12:00:00+00:00,America/Chicago
KEWR,2026-08-14,HIGH,1786708800,2026-08-14T12:00:00+00:00,America/New_York
KEWR,2026-08-14,LOW,1786708800,2026-08-14T12:00:00+00:00,America/New_York
KIAD,2026-08-14,HIGH,1786708800,2026-08-14T12:00:00+00:00,America/New_York
KIAD,2026-08-14,LOW,1786708800,2026-08-14T12:00:00+00:00,America/New_York
KJFK,2026-08-14,HIGH,1786708800,2026-08-14T12:00:00+00:00,America/New_York
KJFK,2026-08-14,LOW,1786708800,2026-08-14T12:00:00+00:00,America/New_York
KLAX,2026-08-14,HIGH,1786708800,2026-08-14T12:00:00+00:00,America/Los_Angeles
KLAX,2026-08-14,LOW,1786708800,2026-08-14T12:00:00+00:00,America/Los_Angeles
KLGA,2026-08-14,HIGH,1786708800,2026-08-14T12:00:00+00:00,America/New_York
KLGA,2026-08-14,LOW,1786708800,2026-08-14T12:00:00+00:00,America/New_York
KMIA,2026-08-14,HIGH,1786708800,2026-08-14T12:00:00+00:00,America/New_York
KMIA,2026-08-14,LOW,1786708800,2026-08-14T12:00:00+00:00,America/New_York
KMSP,2026-08-14,HIGH,1786708800,2026-08-14T12:00:00+00:00,America/Chicago
KMSP,2026-08-14,LOW,1786708800,2026-08-14T12:00:00+00:00,America/Chicago
KORD,2026-08-14,HIGH,1786708800,2026-08-14T12:00:00+00:00,America/Chicago
KORD,2026-08-14,LOW,1786708800,2026-08-14T12:00:00+00:00,America/Chicago
KPHX,2026-08-14,HIGH,1786708800,2026-08-14T12:00:00+00:00,America/Phoenix
KPHX,2026-08-14,LOW,1786708800,2026-08-14T12:00:00+00:00,America/Phoenix
KPWM,2026-08-14,HIGH,1786708800,2026-08-14T12:00:00+00:00,America/New_York
KPWM,2026-08-14,LOW,1786708800,2026-08-14T12:00:00+00:00,America/New_York
KSEA,2026-08-14,HIGH,1786708800,2026-08-14T12:00:00+00:00,America/Los_Angeles
KSEA,2026-08-14,LOW,1786708800,2026-08-14T12:00:00+00:00,America/Los_Angeles
KSFO,2026-08-14,HIGH,1786708800,2026-08-14T12:00:00+00:00,America/Los_Angeles
KSFO,2026-08-14,LOW,1786708800,2026-08-14T12:00:00+00:00,America/Los_Angeles
KSLC,2026-08-14,HIGH,1786708800,2026-08-14T12:00:00+00:00,America/Denver
KSLC,2026-08-14,LOW,1786708800,2026-08-14T12:00:00+00:00,America/Denver
KTPA,2026-08-14,HIGH,1786708800,2026-08-14T12:00:00+00:00,America/New_York
KTPA,2026-08-14,LOW,1786708800,2026-08-14T12:00:00+00:00,America/New_York
KATL,2026-08-15,HIGH,1786795200,2026-08-15T12:00:00+00:00,America/New_York
KATL,2026-08-15,LOW,1786795200,2026-08-15T12:00:00+00:00,America/New_York
KBOS,2026-08-15,HIGH,1786795200,2026-08-15T12:00:00+00:00,America/New_York
KBOS,2026-08-15,LOW,1786795200,2026-08-15T12:00:00+00:00,America/New_York
KBWI,2026-08-15,HIGH,1786795200,2026-08-15T12:00:00+00:00,America/New_York
KBWI,2026-08-15,LOW,1786795200,2026-08-15T12:00:00+00:00,America/New_York
KDCA,2026-08-15,HIGH,1786795200,2026-08-15T12:00:00+00:00,America/New_York
KDCA,2026-08-15,LOW,1786795200,2026-08-15T12:00:00+00:00,America/New_York
KDEN,2026-08-15,HIGH,1786795200,2026-08-15T12:00:00+00:00,America/Denver
KDEN,2026-08-15,LOW,1786795200,2026-08-15T12:00:00+00:00,America/Denver
KDFW,2026-08-15,HIGH,1786795200,2026-08-15T12:00:00+00:00,America/Chicago
KDFW,2026-08-15,LOW,1786795200,2026-08-15T12:00:00+00:00,America/Chicago
KEWR,2026-08-15,HIGH,1786795200,2026-08-15T12:00:00+00:00,America/New_York
KEWR,2026-08-15,LOW,1786795200,2026-08-15T12:00:00+00:00,America/New_York
KIAD,2026-08-15,HIGH,1786795200,2026-08-15T12:00:00+00:00,America/New_York
KIAD,2026-08-15,LOW,1786795200,2026-08-15T12:00:00+00:00,America/New_York
KJFK,2026-08-15,HIGH,1786795200,2026-08-15T12:00:00+00:00,America/New_York
KJFK,2026-08-15,LOW,1786795200,2026-08-15T12:00:00+00:00,America/New_York
KLAX,2026-08-15,HIGH,1786795200,2026-08-15T12:00:00+00:00,America/Los_Angeles
KLAX,2026-08-15,LOW,1786795200,2026-08-15T12:00:00+00:00,America/Los_Angeles
KLGA,2026-08-15,HIGH,1786795200,2026-08-15T12:00:00+00:00,America/New_York
KLGA,2026-08-15,LOW,1786795200,2026-08-15T12:00:00+00:00,America/New_York
KMIA,2026-08-15,HIGH,1786795200,2026-08-15T12:00:00+00:00,America/New_York
KMIA,2026-08-15,LOW,1786795200,2026-08-15T12:00:00+00:00,America/New_York
KMSP,2026-08-15,HIGH,1786795200,2026-08-15T12:00:00+00:00,America/Chicago
KMSP,2026-08-15,LOW,1786795200,2026-08-15T12:00:00+00:00,America/Chicago
KORD,2026-08-15,HIGH,1786795200,2026-08-15T12:00:00+00:00,America/Chicago
KORD,2026-08-15,LOW,1786795200,2026-08-15T12:00:00+00:00,America/Chicago
KPHX,2026-08-15,HIGH,1786795200,2026-08-15T12:00:00+00:00,America/Phoenix
KPHX,2026-08-15,LOW,1786795200,2026-08-15T12:00:00+00:00,America/Phoenix
KPWM,2026-08-15,HIGH,1786795200,2026-08-15T12:00:00+00:00,America/New_York
KPWM,2026-08-15,LOW,1786795200,2026-08-15T12:00:00+00:00,America/New_York
KSEA,2026-08-15,HIGH,1786795200,2026-08-15T12:00:00+00:00,America/Los_Angeles
KSEA,2026-08-15,LOW,1786795200,2026-08-15T12:00:00+00:00,America/Los_Angeles
KSFO,2026-08-15,HIGH,1786795200,2026-08-15T12:00:00+00:00,America/Los_Angeles
KSFO,2026-08-15,LOW,1786795200,2026-08-15T12:00:00+00:00,America/Los_Angeles
KSLC,2026-08-15,HIGH,1786795200,2026-08-15T12:00:00+00:00,America/Denver
KSLC,2026-08-15,LOW,1786795200,2026-08-15T12:00:00+00:00,America/Denver
KTPA,2026-08-15,HIGH,1786795200,2026-08-15T12:00:00+00:00,America/New_York
KTPA,2026-08-15,LOW,1786795200,2026-08-15T12:00:00+00:00,America/New_York
KATL,2026-08-16,HIGH,1786881600,2026-08-16T12:00:00+00:00,America/New_York
KATL,2026-08-16,LOW,1786881600,2026-08-16T12:00:00+00:00,America/New_York
KBOS,2026-08-16,HIGH,1786881600,2026-08-16T12:00:00+00:00,America/New_York
KBOS,2026-08-16,LOW,1786881600,2026-08-16T12:00:00+00:00,America/New_York
KBWI,2026-08-16,HIGH,1786881600,2026-08-16T12:00:00+00:00,America/New_York
KBWI,2026-08-16,LOW,1786881600,2026-08-16T12:00:00+00:00,America/New_York
KDCA,2026-08-16,HIGH,1786881600,2026-08-16T12:00:00+00:00,America/New_York
KDCA,2026-08-16,LOW,1786881600,2026-08-16T12:00:00+00:00,America/New_York
KDEN,2026-08-16,HIGH,1786881600,2026-08-16T12:00:00+00:00,America/Denver
KDEN,2026-08-16,LOW,1786881600,2026-08-16T12:00:00+00:00,America/Denver
KDFW,2026-08-16,HIGH,1786881600,2026-08-16T12:00:00+00:00,America/Chicago
KDFW,2026-08-16,LOW,1786881600,2026-08-16T12:00:00+00:00,America/Chicago
KEWR,2026-08-16,HIGH,1786881600,2026-08-16T12:00:00+00:00,America/New_York
KEWR,2026-08-16,LOW,1786881600,2026-08-16T12:00:00+00:00,America/New_York
KIAD,2026-08-16,HIGH,1786881600,2026-08-16T12:00:00+00:00,America/New_York
KIAD,2026-08-16,LOW,1786881600,2026-08-16T12:00:00+00:00,America/New_York
KJFK,2026-08-16,HIGH,1786881600,2026-08-16T12:00:00+00:00,America/New_York
KJFK,2026-08-16,LOW,1786881600,2026-08-16T12:00:00+00:00,America/New_York
KLAX,2026-08-16,HIGH,1786881600,2026-08-16T12:00:00+00:00,America/Los_Angeles
KLAX,2026-08-16,LOW,1786881600,2026-08-16T12:00:00+00:00,America/Los_Angeles
KLGA,2026-08-16,HIGH,1786881600,2026-08-16T12:00:00+00:00,America/New_York
KLGA,2026-08-16,LOW,1786881600,2026-08-16T12:00:00+00:00,America/New_York
KMIA,2026-08-16,HIGH,1786881600,2026-08-16T12:00:00+00:00,America/New_York
KMIA,2026-08-16,LOW,1786881600,2026-08-16T12:00:00+00:00,America/New_York
KMSP,2026-08-16,HIGH,1786881600,2026-08-16T12:00:00+00:00,America/Chicago
KMSP,2026-08-16,LOW,1786881600,2026-08-16T12:00:00+00:00,America/Chicago
KORD,2026-08-16,HIGH,1786881600,2026-08-16T12:00:00+00:00,America/Chicago
KORD,2026-08-16,LOW,1786881600,2026-08-16T12:00:00+00:00,America/Chicago
KPHX,2026-08-16,HIGH,1786881600,2026-08-16T12:00:00+00:00,America/Phoenix
KPHX,2026-08-16,LOW,1786881600,2026-08-16T12:00:00+00:00,America/Phoenix
KPWM,2026-08-16,HIGH,1786881600,2026-08-16T12:00:00+00:00,America/New_York
KPWM,2026-08-16,LOW,1786881600,2026-08-16T12:00:00+00:00,America/New_York
KSEA,2026-08-16,HIGH,1786881600,2026-08-16T12:00:00+00:00,America/Los_Angeles
KSEA,2026-08-16,LOW,1786881600,2026-08-16T12:00:00+00:00,America/Los_Angeles
KSFO,2026-08-16,HIGH,1786881600,2026-08-16T12:00:00+00:00,America/Los_Angeles
KSFO,2026-08-16,LOW,1786881600,2026-08-16T12:00:00+00:00,America/Los_Angeles
KSLC,2026-08-16,HIGH,1786881600,2026-08-16T12:00:00+00:00,America/Denver
KSLC,2026-08-16,LOW,1786881600,2026-08-16T12:00:00+00:00,America/Denver
KTPA,2026-08-16,HIGH,1786881600,2026-08-16T12:00:00+00:00,America/New_York
KTPA,2026-08-16,LOW,1786881600,2026-08-16T12:00:00+00:00,America/New_York
KATL,2026-08-17,HIGH,1786968000,2026-08-17T12:00:00+00:00,America/New_York
KATL,2026-08-17,LOW,1786968000,2026-08-17T12:00:00+00:00,America/New_York
KBOS,2026-08-17,HIGH,1786968000,2026-08-17T12:00:00+00:00,America/New_York
KBOS,2026-08-17,LOW,1786968000,2026-08-17T12:00:00+00:00,America/New_York
KBWI,2026-08-17,HIGH,1786968000,2026-08-17T12:00:00+00:00,America/New_York
KBWI,2026-08-17,LOW,1786968000,2026-08-17T12:00:00+00:00,America/New_York
KDCA,2026-08-17,HIGH,1786968000,2026-08-17T12:00:00+00:00,America/New_York
KDCA,2026-08-17,LOW,1786968000,2026-08-17T12:00:00+00:00,America/New_York
KDEN,2026-08-17,HIGH,1786968000,2026-08-17T12:00:00+00:00,America/Denver
KDEN,2026-08-17,LOW,1786968000,2026-08-17T12:00:00+00:00,America/Denver
KDFW,2026-08-17,HIGH,1786968000,2026-08-17T12:00:00+00:00,America/Chicago
KDFW,2026-08-17,LOW,1786968000,2026-08-17T12:00:00+00:00,America/Chicago
KEWR,2026-08-17,HIGH,1786968000,2026-08-17T12:00:00+00:00,America/New_York
KEWR,2026-08-17,LOW,1786968000,2026-08-17T12:00:00+00:00,America/New_York
KIAD,2026-08-17,HIGH,1786968000,2026-08-17T12:00:00+00:00,America/New_York
KIAD,2026-08-17,LOW,1786968000,2026-08-17T12:00:00+00:00,America/New_York
KJFK,2026-08-17,HIGH,1786968000,2026-08-17T12:00:00+00:00,America/New_York
KJFK,2026-08-17,LOW,1786968000,2026-08-17T12:00:00+00:00,America/New_York
KLAX,2026-08-17,HIGH,1786968000,2026-08-17T12:00:00+00:00,America/Los_Angeles
KLAX,2026-08-17,LOW,1786968000,2026-08-17T12:00:00+00:00,America/Los_Angeles
KLGA,2026-08-17,HIGH,1786968000,2026-08-17T12:00:00+00:00,America/New_York
KLGA,2026-08-17,LOW,1786968000,2026-08-17T12:00:00+00:00,America/New_York
KMIA,2026-08-17,HIGH,1786968000,2026-08-17T12:00:00+00:00,America/New_York
KMIA,2026-08-17,LOW,1786968000,2026-08-17T12:00:00+00:00,America/New_York
KMSP,2026-08-17,HIGH,1786968000,2026-08-17T12:00:00+00:00,America/Chicago
KMSP,2026-08-17,LOW,1786968000,2026-08-17T12:00:00+00:00,America/Chicago
KORD,2026-08-17,HIGH,1786968000,2026-08-17T12:00:00+00:00,America/Chicago
KORD,2026-08-17,LOW,1786968000,2026-08-17T12:00:00+00:00,America/Chicago
KPHX,2026-08-17,HIGH,1786968000,2026-08-17T12:00:00+00:00,America/Phoenix
KPHX,2026-08-17,LOW,1786968000,2026-08-17T12:00:00+00:00,America/Phoenix
KPWM,2026-08-17,HIGH,1786968000,2026-08-17T12:00:00+00:00,America/New_York
KPWM,2026-08-17,LOW,1786968000,2026-08-17T12:00:00+00:00,America/New_York
KSEA,2026-08-17,HIGH,1786968000,2026-08-17T12:00:00+00:00,America/Los_Angeles
KSEA,2026-08-17,LOW,1786968000,2026-08-17T12:00:00+00:00,America/Los_Angeles
KSFO,2026-08-17,HIGH,1786968000,2026-08-17T12:00:00+00:00,America/Los_Angeles
KSFO,2026-08-17,LOW,1786968000,2026-08-17T12:00:00+00:00,America/Los_Angeles
KSLC,2026-08-17,HIGH,1786968000,2026-08-17T12:00:00+00:00,America/Denver
KSLC,2026-08-17,LOW,1786968000,2026-08-17T12:00:00+00:00,America/Denver
KTPA,2026-08-17,HIGH,1786968000,2026-08-17T12:00:00+00:00,America/New_York
KTPA,2026-08-17,LOW,1786968000,2026-08-17T12:00:00+00:00,America/New_York
KATL,2026-08-18,HIGH,1787054400,2026-08-18T12:00:00+00:00,America/New_York
KATL,2026-08-18,LOW,1787054400,2026-08-18T12:00:00+00:00,America/New_York
KBOS,2026-08-18,HIGH,1787054400,2026-08-18T12:00:00+00:00,America/New_York
KBOS,2026-08-18,LOW,1787054400,2026-08-18T12:00:00+00:00,America/New_York
KBWI,2026-08-18,HIGH,1787054400,2026-08-18T12:00:00+00:00,America/New_York
KBWI,2026-08-18,LOW,1787054400,2026-08-18T12:00:00+00:00,America/New_York
KDCA,2026-08-18,HIGH,1787054400,2026-08-18T12:00:00+00:00,America/New_York
KDCA,2026-08-18,LOW,1787054400,2026-08-18T12:00:00+00:00,America/New_York
KDEN,2026-08-18,HIGH,1787054400,2026-08-18T12:00:00+00:00,America/Denver
KDEN,2026-08-18,LOW,1787054400,2026-08-18T12:00:00+00:00,America/Denver
KDFW,2026-08-18,HIGH,1787054400,2026-08-18T12:00:00+00:00,America/Chicago
KDFW,2026-08-18,LOW,1787054400,2026-08-18T12:00:00+00:00,America/Chicago
KEWR,2026-08-18,HIGH,1787054400,2026-08-18T12:00:00+00:00,America/New_York
KEWR,2026-08-18,LOW,1787054400,2026-08-18T12:00:00+00:00,America/New_York
KIAD,2026-08-18,HIGH,1787054400,2026-08-18T12:00:00+00:00,America/New_York
KIAD,2026-08-18,LOW,1787054400,2026-08-18T12:00:00+00:00,America/New_York
KJFK,2026-08-18,HIGH,1787054400,2026-08-18T12:00:00+00:00,America/New_York
KJFK,2026-08-18,LOW,1787054400,2026-08-18T12:00:00+00:00,America/New_York
KLAX,2026-08-18,HIGH,1787054400,2026-08-18T12:00:00+00:00,America/Los_Angeles
KLAX,2026-08-18,LOW,1787054400,2026-08-18T12:00:00+00:00,America/Los_Angeles
KLGA,2026-08-18,HIGH,1787054400,2026-08-18T12:00:00+00:00,America/New_York
KLGA,2026-08-18,LOW,1787054400,2026-08-18T12:00:00+00:00,America/New_York
KMIA,2026-08-18,HIGH,1787054400,2026-08-18T12:00:00+00:00,America/New_York
KMIA,2026-08-18,LOW,1787054400,2026-08-18T12:00:00+00:00,America/New_York
KMSP,2026-08-18,HIGH,1787054400,2026-08-18T12:00:00+00:00,America/Chicago
KMSP,2026-08-18,LOW,1787054400,2026-08-18T12:00:00+00:00,America/Chicago
KORD,2026-08-18,HIGH,1787054400,2026-08-18T12:00:00+00:00,America/Chicago
KORD,2026-08-18,LOW,1787054400,2026-08-18T12:00:00+00:00,America/Chicago
KPHX,2026-08-18,HIGH,1787054400,2026-08-18T12:00:00+00:00,America/Phoenix
KPHX,2026-08-18,LOW,1787054400,2026-08-18T12:00:00+00:00,America/Phoenix
KPWM,2026-08-18,HIGH,1787054400,2026-08-18T12:00:00+00:00,America/New_York
KPWM,2026-08-18,LOW,1787054400,2026-08-18T12:00:00+00:00,America/New_York
KSEA,2026-08-18,HIGH,1787054400,2026-08-18T12:00:00+00:00,America/Los_Angeles
KSEA,2026-08-18,LOW,1787054400,2026-08-18T12:00:00+00:00,America/Los_Angeles
KSFO,2026-08-18,HIGH,1787054400,2026-08-18T12:00:00+00:00,America/Los_Angeles
KSFO,2026-08-18,LOW,1787054400,2026-08-18T12:00:00+00:00,America/Los_Angeles
KSLC,2026-08-18,HIGH,1787054400,2026-08-18T12:00:00+00:00,America/Denver
KSLC,2026-08-18,LOW,1787054400,2026-08-18T12:00:00+00:00,America/Denver
KTPA,2026-08-18,HIGH,1787054400,2026-08-18T12:00:00+00:00,America/New_York
KTPA,2026-08-18,LOW,1787054400,2026-08-18T12:00:00+00:00,America/New_York
