signal,n_trades,accuracy,total_pnl,sharpe,profit_factor,max_drawdown,brier_score,ece,total_fees,avg_confidence,n_stations_active,val_disc_n,val_disc_acc,val_time_n,val_time_acc,val_geo_n,val_geo_acc
ai_composite,0,0.000000,0.00,0.000000,0.000000,0.000000,0.000000,0.000000,0.00,0.000000,0,0,0.000000,0,0.000000,0,0.000000
calendar_climatology,337,0.655786,3475.87,2.730917,1.423593,1.152674,0.232217,0.089513,790.00,0.566274,6,201,0.686567,135,0.607407,4,0.500000
cloud_cover_index,0,0.000000,0.00,0.000000,0.000000,0.000000,0.000000,0.000000,0.00,0.000000,0,0,0.000000,0,0.000000,0,0.000000
corrected_pressure_delta,0,0.000000,0.00,0.000000,0.000000,0.000000,0.000000,0.000000,0.00,0.000000,0,0,0.000000,0,0.000000,0,0.000000
cross_model_divergence,0,0.000000,0.00,0.000000,0.000000,0.000000,0.000000,0.000000,0.00,0.000000,0,0,0.000000,0,0.000000,0,0.000000
dewpoint_depression,0,0.000000,0.00,0.000000,0.000000,0.000000,0.000000,0.000000,0.00,0.000000,0,0,0.000000,0,0.000000,0,0.000000
dual_polarity,0,0.000000,0.00,0.000000,0.000000,0.000000,0.000000,0.000000,0.00,0.000000,0,0,0.000000,0,0.000000,0,0.000000
ecmwf_bias_corrected,1682,0.861474,64822.61,16.201319,5.984652,0.037323,0.206019,0.298933,3844.00,0.562542,9,747,0.929050,934,0.807281,103,0.669903
eighty_two_member_ensemble,0,0.000000,0.00,0.000000,0.000000,0.000000,0.000000,0.000000,0.00,0.000000,0,0,0.000000,0,0.000000,0,0.000000
eighty_two_member_ensemble_ece,0,0.000000,0.00,0.000000,0.000000,0.000000,0.000000,0.000000,0.00,0.000000,0,0,0.000000,0,0.000000,0,0.000000
eighty_two_member_ensemble_pooled,0,0.000000,0.00,0.000000,0.000000,0.000000,0.000000,0.000000,0.00,0.000000,0,0,0.000000,0,0.000000,0,0.000000
esdr,0,0.000000,0.00,0.000000,0.000000,0.000000,0.000000,0.000000,0.00,0.000000,0,0,0.000000,0,0.000000,0,0.000000
feels_like_delta,0,0.000000,0.00,0.000000,0.000000,0.000000,0.000000,0.000000,0.00,0.000000,0,0,0.000000,0,0.000000,0,0.000000
fogr_reversion,0,0.000000,0.00,0.000000,0.000000,0.000000,0.000000,0.000000,0.00,0.000000,0,0,0.000000,0,0.000000,0,0.000000
forecast_disagreement,665,0.690226,33988.68,3.607353,2.063020,25.916744,0.219299,0.081963,3680.00,0.610136,7,262,0.645038,403,0.719603,0,0.000000
frontal_detector,0,0.000000,0.00,0.000000,0.000000,0.000000,0.000000,0.000000,0.00,0.000000,0,0,0.000000,0,0.000000,0,0.000000
frontal_passage_detector,0,0.000000,0.00,0.000000,0.000000,0.000000,0.000000,0.000000,0.00,0.000000,0,0,0.000000,0,0.000000,0,0.000000
frontal_passage_intraday,0,0.000000,0.00,0.000000,0.000000,0.000000,0.000000,0.000000,0.00,0.000000,0,0,0.000000,0,0.000000,0,0.000000
frontal_passage_nowcast,0,0.000000,0.00,0.000000,0.000000,0.000000,0.000000,0.000000,0.00,0.000000,0,0,0.000000,0,0.000000,0,0.000000
gaussian,1586,0.618537,1051624.05,4.624598,5.610353,0.748770,0.312048,0.245981,27824.00,0.864518,16,573,0.666667,1012,0.590909,107,0.514019
gaussian_v2,877,0.606613,935651.68,7.344259,8.162588,0.091273,0.338530,0.315907,18671.00,0.921673,13,212,0.688679,665,0.580451,47,0.617021
goldilocks,28,0.714286,37583.54,14.707014,13.723749,0.283605,0.246442,0.214792,602.00,0.929077,4,7,0.571429,21,0.761905,0,0.000000
intraday_metar_confirmation,0,0.000000,0.00,0.000000,0.000000,0.000000,0.000000,0.000000,0.00,0.000000,0,0,0.000000,0,0.000000,0,0.000000
metar_dtdt,0,0.000000,0.00,0.000000,0.000000,0.000000,0.000000,0.000000,0.00,0.000000,0,0,0.000000,0,0.000000,0,0.000000
metar_nowcast,0,0.000000,0.00,0.000000,0.000000,0.000000,0.000000,0.000000,0.00,0.000000,0,0,0.000000,0,0.000000,0,0.000000
nwp_analog,0,0.000000,0.00,0.000000,0.000000,0.000000,0.000000,0.000000,0.00,0.000000,0,0,0.000000,0,0.000000,0,0.000000
nwp_direct,0,0.000000,0.00,0.000000,0.000000,0.000000,0.000000,0.000000,0.00,0.000000,0,0,0.000000,0,0.000000,0,0.000000
nwp_dtdt_fusion,0,0.000000,0.00,0.000000,0.000000,0.000000,0.000000,0.000000,0.00,0.000000,0,0,0.000000,0,0.000000,0,0.000000
persistence,309,0.679612,3452.83,4.912765,1.582805,3.354063,0.228684,0.104613,874.00,0.574999,4,0,0.000000,309,0.679612,0,0.000000
pressure_delta,1174,0.637138,15353.07,3.264476,1.463809,2.174175,0.232199,0.063834,3474.00,0.573304,15,283,0.674912,890,0.624719,94,0.521277
pressure_tendency,0,0.000000,0.00,0.000000,0.000000,0.000000,0.000000,0.000000,0.00,0.000000,0,0,0.000000,0,0.000000,0,0.000000
radiational_cooling,35,0.257143,-93.56,-8.831030,0.319452,0.000000,0.260862,0.265180,35.00,0.522323,3,0,0.000000,0,0.000000,0,0.000000
regime,0,0.000000,0.00,0.000000,0.000000,0.000000,0.000000,0.000000,0.00,0.000000,0,0,0.000000,0,0.000000,0,0.000000
settlement_arbitrage,0,0.000000,0.00,0.000000,0.000000,0.000000,0.000000,0.000000,0.00,0.000000,0,0,0.000000,0,0.000000,0,0.000000
simple_trend,309,0.679612,3677.58,4.844852,1.569516,3.383386,0.227621,0.099406,874.00,0.580205,4,0,0.000000,309,0.679612,0,0.000000
spike_reversion,28,0.714286,37583.54,14.707014,13.723749,0.283605,0.246442,0.214792,602.00,0.929077,4,7,0.571429,21,0.761905,0,0.000000
spread_based_entry,0,0.000000,0.00,0.000000,0.000000,0.000000,0.000000,0.000000,0.00,0.000000,0,0,0.000000,0,0.000000,0,0.000000
temperature_advection,0,0.000000,0.00,0.000000,0.000000,0.000000,0.000000,0.000000,0.00,0.000000,0,0,0.000000,0,0.000000,0,0.000000
volume_momentum,0,0.000000,0.00,0.000000,0.000000,0.000000,0.000000,0.000000,0.00,0.000000,0,0,0.000000,0,0.000000,0,0.000000
wind_direction_shift,31,0.483871,689.22,2.696389,1.569222,4.230258,0.265655,0.112583,115.00,0.596454,3,0,0.000000,31,0.483871,0,0.000000
